Identifiant+ADs-Active (0/1)+ADs-Nom+ADs-Categories (x,y,z...)+ADs-Prix HT+ADs-ID r+AOg-gles de taxes+ADs-Prix d'achat+ADs-En soldes (0/1)+ADs-Montant de r+AOk-duction+ADs-Pourcentage de r+AOk-duction+ADs-R+AOk-duction de (aaaa+AC0-mm+AC0-jj)+ADs-R+AOk-duction +AOA- (aaaa+AC0-mm+AC0-jj)+ADs-R+AOk-f+AOk-rence+ADs-R+AOk-f+AOk-rence fournisseur+ADs-Fournisseur+ADs-Fabricant+ADs-EAN13+ADs-UPC+ADs-Eco taxe+ADs-Largeur (cm)+ADs-Hauteur (cm)+ADs-Profondeur (cm)+ADs-Poids (kg)+ADs-Quantit+AOk-+ADs-Quantit+AOk- minimale+ADs-Visibilit+AOk-+ADs-Frais de port suppl+AOk-mentaire+ADs-Unit+AOk-+ADs-Ratio de prix unitaire+ADs-Description courte (html)+ADs-Description (html)+ADs-Tags (x,y,z...)+ADs-Balise de titre+ADs-M+AOk-ta mots+AC0-cl+AOk-s+ADs-M+AOk-ta description+ADs-URL simplifi+AOk-e+ADs-+ACI-Texte +ACIAIg-En stock+ACIAIg-+ACI-+ADs-+ACI-Texte +ACIAIg-En commande+ACIAIg- (si autoris+AOk-)+ACI-+ADs-Disponible +AOA- la commande (0 +AD0- Non, 1 +AD0- Oui)+ADs-Date de disponibilit+AOk- du produit+ADs-Date d'ajout d'un produit+ADs-Afficher le prix (0 +AD0- Non, 1 +AD0- Oui)+ADs-URLs des images (x,y,z...)+ADs-Supprimer les images existantes (0 +AD0- non, 1 +AD0- oui)+ADs-Caract+AOk-ristique(Nom:Valeur)+ADs-Disponible en ligne uniquement (0 +AD0- Non, 1 +AD0- Oui)+ADs-Etat+ADs-Personnalisable (0 +AD0- Non, 1 +AD0- Oui)+ADs-Fichiers t+AOk-l+AOk-chargeables (0 +AD0- Non, 1 +AD0- Oui)+ADs-Champs text (0 +AD0- Non, 1 +AD0- Oui)+ADs-Si rupture de stock+ADs-Gestion des stocks avanc+AOk-e+ADs-ID ou nom de la boutique
2600655+ADs-1+ADs-Bougie Pot de fleur XL turquoise, 40h, parfum citronnelle+ADs-146,143,142+ADs-57,5+ADs-1+ADs-+ADs-0+ADs-+ADs-+ADs-+ADs-+ADs-2600655+ADs-+ADs-+ADs-+ADs-3023676006555+ADs-+ADs-0+ADs-+ADs-+ADs-+ADs-+ADs-10+ADs-1+ADs-+ADs-+ADs-+ADs-+ADs-+ADs-+ADw-p+AD4-Dans cette bougie pot de fleur XL turquoise, au parfum de citronnelle et +AOA- la forme traditionnelle, nul g+AOk-ranium ou b+AOk-gonia, mais un bouquet de citronnelle d+AOk-licat qui embaumera vos soir+AOk-es tout en vous pr+AOk-servant des insectes estivaux. Cette bougie trouvera naturellement sa place sur votre terrasse d'+AOk-t+AOk-.+ADw-br+AD4-Coordonn+AOk-e +AOA- la bougie pot de fleur (petit mod+AOg-le) citronnelle, elle donne un  nouveau charme estival +AOA- votre balcon ou terrasse.+ADw-br+AD4-Existe aussi en rose.+ADw-/p+AD4-+ADs-bougie parfum+AOk-e citronnelle,bougie ext+AOk-rieure+ADs-Bougie parfum+AOk-e XL citronnelle turquoise +AC0- Bougies outdoor +AC0- Collection Escale Tropicale+ADs-+ADs-D+AOk-couvrez la bougie pot de fleur XL turquoise +AOA- la citronnelle de la collection Escale Tropicale de Bougies la Fran+AOc-aise et illuminez votre terrasse ou balcon.+ADs-bougie+AC0-parfumee+AC0-xl+AC0-citronnelle+AC0-turquoise+ADs-+ADs-+ADs-1+ADs-+ADs-2016+AC0-04+AC0-18+ADs-1+ADs-../import/escale+AC0-tropicale/2+AC0-600+AC0-655+AC0-4.jpg,../import/escale+AC0-tropicale/2+AC0-600+AC0-655+AC0-653+AC0-4.jpg+ADs-0+ADs-Hauteur:180,Diam+AOg-tre:200,Poids:2560,Dur+AOk-e de combustion:40 heures,Collection:Escale Tropicale,Parfum:Citronnelle,Th+AOg-me:Printemps/Et+AOk- 2016+ADs-0+ADs-+ADs-0+ADs-0+ADs-0+ADs-0+ADs-0+ADs-1
2600654+ADs-1+ADs-Bougie Pot de fleur XL rose 40h, parfum citronnelle+ADs-146,143,142+ADs-57,5+ADs-1+ADs-+ADs-0+ADs-+ADs-+ADs-+ADs-+ADs-2600654+ADs-+ADs-+ADs-+ADs-3023676006548+ADs-+ADs-0+ADs-+ADs-+ADs-+ADs-+ADs-10+ADs-1+ADs-+ADs-+ADs-+ADs-+ADs-+ADs-+ACI-+ADw-p+AD4-Comme un clin d'oeil +AOA- l'ind+AOk-modable pot en terre cuite de nos jardins ou balcons, cette bougie pot de fleur XL rose, au parfum citronnelle, est un bouquet de citronnelle +AOA- elle seule. Son parfum vous installera automatiquement en +AOk-t+AOk- puisqu'il repoussera naturellement les petits nuisibles nocturnes de la belle saison.+ADw-br+AD4-L+IBk-aspect lisse et doux de la cire, la couleur tendre et acidul+AOk-e, permettront +AOA- cet objet de trouver un nouvel usage pour une nouvelle vie, sur votre terrasse et balcon.+ADw-br+AD4-Pour mettre sa forme en valeur, associez+AC0-la +AOA- la bougie Coupe Piscine du m+AOo-me ton +ADs- un duo qui fonctionne tr+AOg-s bien.+ADw-br+AD4-Existe aussi en turquoise.+ADw-/p+AD4-+ACI-+ADs-bougie parfum+AOk-e citronnelle,bougie ext+AOk-rieure+ADs-Bougie parfum+AOk-e XL citronnelle rose +AC0- Bougies outdoor +AC0- Collection Escale Tropicale+ADs-+ADs-D+AOk-couvrez la bougie pot de fleur XL rose +AOA- la citronnelle de la collection Escale Tropicale de Bougies la Fran+AOc-aise, pour des soir+AOk-es estivales romantiques +AOA- la bougie.+ADs-bougie+AC0-parfumee+AC0-xl+AC0-citronnelle+AC0-rose+ADs-+ADs-+ADs-1+ADs-+ADs-2016+AC0-04+AC0-18+ADs-1+ADs-../import/escale+AC0-tropicale/2+AC0-600+AC0-650+AC0-654+AC0-4.jpg,../import/escale+AC0-tropicale/2+AC0-600+AC0-654+AC0-4.jpg+ADs-0+ADs-Hauteur:180,Diam+AOg-tre:200,Poids:2560,Dur+AOk-e de combustion:40 heures,Collection:Escale Tropicale,Parfum:Citronnelle,Th+AOg-me:Printemps/Et+AOk- 2016+ADs-0+ADs-+ADs-0+ADs-0+ADs-0+ADs-0+ADs-0+ADs-1
2600653+ADs-1+ADs-Bougie Pot de fleur turquoise, 40h, parfum citronnelle+ADs-146,143,142+ADs-20,8+ADs-1+ADs-+ADs-0+ADs-+ADs-+ADs-+ADs-+ADs-2600653+ADs-+ADs-+ADs-+ADs-3023676006531+ADs-+ADs-0+ADs-+ADs-+ADs-+ADs-+ADs-20+ADs-1+ADs-+ADs-+ADs-+ADs-+ADs-+ADs-+ADw-p+AD4-En souvenir des petits pots d'antan qui ont vu germer nos premi+AOg-res graines, cette bougie pot de fleur turquoise, +AOA- la citronnelle, donne envie de se recr+AOk-er son jardin miniature, o+APk- que l'on soit. Quand la chaleur nous incite +AOA- passer une partie de la nuit dehors, elle se fait lumi+AOg-re intime et parfum +AOk-vocateur.+ADw-br+AD4-Pas de lagon en vue+AKA-? Peu importe, ce pot semble contenir un concentr+AOk- de mer des Cara+AO8-bes, id+AOk-al pour transformer votre patio en +AO4-le paradisiaque.+ADw-br+AD4-Joignez lui la Coupe piscine de m+AOo-me teinte, et plongez dans le +AKsAoA-Bel +AOk-t+AOkAoAC7-.+ADw-br+AD4-Existe aussi en vert, rose et orange.+ADw-/p+AD4-+ADs-bougie parfum+AOk-e citronnelle,bougie ext+AOk-rieure+ADs-Bougie parfum+AOk-e citronnelle turquoise +AC0- Bougies outdoor +AC0- Collection Escale Tropicale+ADs-+ADs-D+AOk-couvrez la bougie pot de fleur turquoise +AOA- la citronnelle de la collection Escale Tropicale de Bougies la Fran+AOc-aise, et changez la d+AOk-coration de votre terrasse ou balcon.+ADs-bougie+AC0-parfumee+AC0-citronnelle+AC0-turquoise+ADs-+ADs-+ADs-1+ADs-+ADs-2016+AC0-04+AC0-18+ADs-1+ADs-../import/escale+AC0-tropicale/2+AC0-600+AC0-655+AC0-653+AC0-4.jpg,../import/escale+AC0-tropicale/2+AC0-600+AC0-653+AC0-1.jpg,../import/escale+AC0-tropicale/2+AC0-600+AC0-653+AC0-4.jpg+ADs-0+ADs-Hauteur:105,Diam+AOg-tre:115,Poids:55,Dur+AOk-e de combustion:40 heures,Collection:Escale Tropicale,Parfum:Citronnelle,Th+AOg-me:Printemps/Et+AOk- 2016+ADs-0+ADs-+ADs-0+ADs-0+ADs-0+ADs-0+ADs-0+ADs-1
2600651+ADs-1+ADs-Bougie Pot de fleur vert, 40h, parfum citronnelle+ADs-146,143,142+ADs-20,8+ADs-1+ADs-+ADs-0+ADs-+ADs-+ADs-+ADs-+ADs-2600651+ADs-+ADs-+ADs-+ADs-3023676006517+ADs-+ADs-0+ADs-+ADs-+ADs-+ADs-+ADs-20+ADs-1+ADs-+ADs-+ADs-+ADs-+ADs-+ADs-+ADw-p+AD4-Par sa teinte tr+AOg-s Bio, tr+AOg-s nature, la bougie pot de fleur verte +AOA- la citronnelle affirme la tendance de l'+AOk-t+AOk-. Que ce soit pour une soir+AOk-e improvis+AOk-e au bord d'un lac ou un ap+AOk-ro +AOA- deux sur un balcon parisien, elle joint l'utile +AOA- l'agr+AOk-able en alliant lumi+AOg-re tamis+AOk-e et parfum protecteur.+ADw-br+AD4-N+IBk-attendez pas la nuit tomb+AOk-e, car cette petite bougie vous d+AOk-voile son spectre lumineux m+AOo-me entre chien et loup.+ADw-br+AD4-Pour en effet crescendo, renforc+AOk- son halo chaleureux avec une bougie pot de fleur XL +AOA- la citronnelle.+ADw-br+AD4-Existe aussi en rose, turquoise et orange.+ADw-/p+AD4-+ADs-bougie parfum+AOk-e citronnelle,bougie ext+AOk-rieure+ADs-Bougie parfum+AOk-e citronnelle vert +AC0- Bougies outdoor +AC0- Collection Escale Tropicale+ADs-+ADs-D+AOk-couvrez la bougie pot de fleur vert +AOA- la citronnelle de la collection Escale Tropicale de Bougies la Fran+AOc-aise et passez de belles soir+AOk-es en ext+AOk-rieur cet +AOk-t+AOk- +AOA- la bougie.+ADs-bougie+AC0-parfumee+AC0-citronnelle+AC0-vert+ADs-+ADs-+ADs-1+ADs-+ADs-2016+AC0-04+AC0-18+ADs-1+ADs-../import/escale+AC0-tropicale/2+AC0-600+AC0-651+AC0-1.jpg,../import/escale+AC0-tropicale/2+AC0-600+AC0-651+AC0-2.jpg+ADs-0+ADs-Hauteur:105,Diam+AOg-tre:115,Poids:55,Dur+AOk-e de combustion:40 heures,Collection:Escale Tropicale,Parfum:Citronnelle,Th+AOg-me:Printemps/Et+AOk- 2016+ADs-0+ADs-+ADs-0+ADs-0+ADs-0+ADs-0+ADs-0+ADs-1
2600650+ADs-1+ADs-Bougie Pot de fleur rose, 40h, parfum citronnelle+ADs-146,143,142+ADs-20,8+ADs-1+ADs-+ADs-0+ADs-+ADs-+ADs-+ADs-+ADs-2600650+ADs-+ADs-+ADs-+ADs-3023676006500+ADs-+ADs-0+ADs-+ADs-+ADs-+ADs-+ADs-20+ADs-1+ADs-+ADs-+ADs-+ADs-+ADs-+ADs-+ADw-p+AD4-On pense aux petits pots de notre enfance o+APk- l'on faisait nos premi+AOg-res boutures, en d+AOk-couvrant la bougie pot de fleur rose +AOA- la citronnelle. Cette fois+AC0-ci, on y fait pousser une flamme incandescente aux senteurs de citronnelle fra+AO4-che. Marqu+AOk-e de son sceau certifiant de sa qualit+AOk- et de sa long+AOk-vit+AOk-, cette bougie d+AOk-co se rendra indispensable pour les cinq prochains mois.+ADw-br+AD4-On n+IBk-h+AOk-site pas +AOA- coordonner avec des pots d'autres couleurs, pour r+AOk-aliser un jardin nocturne personnalis+AOk-.+ADw-br+AD4-Ainsi associ+AOk-es aux bougies pot de fleur XL +AOA- la citronnelle, vous assurerez le plaisir des yeux des enfants et des parents.+ADw-br+AD4-Existe aussi en vert, turquoise et orange.+ADw-/p+AD4-+ADs-bougie parfum+AOk-e citronnelle,bougie ext+AOk-rieure+ADs-Bougie parfum+AOk-e citronnelle rose +AC0- Bougies outdoor +AC0- Collection Escale Tropicale+ADs-+ADs-D+AOk-couvrez la bougie en forme de pot de fleur rose, +AOA- la flamme aux senteurs de citronnelle fra+AO4-che et illmuniez vos soir+AOk-es estivales avec Bougies la Fran+AOc-aise +ACE-+ADs-bougie+AC0-parfumee+AC0-citronnelle+AC0-rose+ADs-+ADs-+ADs-1+ADs-+ADs-2016+AC0-04+AC0-18+ADs-1+ADs-../import/escale+AC0-tropicale/2+AC0-600+AC0-650+AC0-654+AC0-4.jpg,../import/escale+AC0-tropicale/2+AC0-600+AC0-650+AC0-1.jpg,../import/escale+AC0-tropicale/2+AC0-600+AC0-650+AC0-2.jpg+ADs-0+ADs-Hauteur:105,Diam+AOg-tre:115,Poids:55,Dur+AOk-e de combustion:40 heures,Collection:Escale Tropicale,Parfum:Citronnelle,Th+AOg-me:Printemps/Et+AOk- 2016+ADs-0+ADs-+ADs-0+ADs-0+ADs-0+ADs-0+ADs-0+ADs-1
2600652+ADs-1+ADs-Bougie Pot de fleur orange 40h, parfum citronnelle+ADs-146,143,142+ADs-20,8+ADs-1+ADs-+ADs-0+ADs-+ADs-+ADs-+ADs-+ADs-2600652+ADs-+ADs-+ADs-+ADs-3023676006524+ADs-+ADs-0+ADs-+ADs-+ADs-+ADs-+ADs-20+ADs-1+ADs-+ADs-+ADs-+ADs-+ADs-+ADs-+ADw-p+AD4-Imaginez un jardin urbain, aux couleurs des pots de terre +AOA- l'ancienne, qui s'ouvrirait +AOA- la nuit tombante, pour vous offrir une balade lumineuse et olfactive. Avec la bougie pot de fleur orange +AOA- la citronnelle, ce concentr+AOk- d'+AOk-t+AOk- est +AOA- port+AOk-e de main et +AOA- un craquement d'allumette.+ADw-br+AD4-Avec sa couleur de g+AOk-n+AOk-reux fruit de saison estivale, cet accessoire d+AOk-co par essence se sentira +AOA- l+IBk-aise en int+AOk-rieur comme au grand air, allum+AOk- ou non.+ADw-br+AD4-Compl+AOk-t+AOk- pas une s+AOk-rie de bougies pot de fleur de m+AOo-me couleur, vous transformerez votre coin de verdure en v+AOk-ritable orangeraie orientale.+ADw-br+AD4-Existe aussi en vert, turquoise et rose.+ADw-/p+AD4-+ADs-bougie parfum+AOk-e citronnelle,bougie ext+AOk-rieure+ADs-Bougie parfum+AOk-e citronnelle orange +AC0- Bougies outdoor +AC0- Collection Escale Tropicale+ADs-+ADs-D+AOk-couvrez la bougie en forme de pot de fleur orange, +AOA- la citronnelle et illmuniez vos soir+AOk-es estivales avec Bougies la Fran+AOc-aise +ACE-+ADs-bougie+AC0-parfumee+AC0-citronnelle+AC0-orange+ADs-+ADs-+ADs-1+ADs-+ADs-2016+AC0-04+AC0-18+ADs-1+ADs-../import/escale+AC0-tropicale/2+AC0-600+AC0-652+AC0-1.jpg,../import/escale+AC0-tropicale/2+AC0-600+AC0-652+AC0-4.jpg+ADs-0+ADs-Hauteur:105,Diam+AOg-tre:115,Poids:55,Dur+AOk-e de combustion:40 heures,Collection:Escale Tropicale,Parfum:Citronnelle,Th+AOg-me:Printemps/Et+AOk- 2016+ADs-0+ADs-+ADs-0+ADs-0+ADs-0+ADs-0+ADs-0+ADs-1
2600665+ADs-1+ADs-Bougie coupe piscine turquoise, 8h, bougie flottante+ADs-146,143,142+ADs-24,9+ADs-1+ADs-+ADs-0+ADs-+ADs-+ADs-+ADs-+ADs-2600665+ADs-+ADs-+ADs-+ADs-3023676006654+ADs-+ADs-0+ADs-+ADs-+ADs-+ADs-+ADs-10+ADs-1+ADs-+ADs-+ADs-+ADs-+ADs-+ADs-+ADw-p+AD4-Avec sa forme de petit bassin tout droit sorti d'une fontaine de jardin italien, la bougie coupe piscine turquoise regorge non pas d'eau, mais de lumi+AOg-re. Elle illuminera vos abords de piscine et vous accompagnera dans son sillage parfum+AOk- pour un dernier bain de minuit.+ADw-br+AD4-D+AOk-pos+AOk-e sur une table ou +AOA- m+AOo-me le sol, cette petite coupelle arrondie +AOA- la nuance douce, poss+AOg-de un charme pas si discret que +AOc-a.+ADw-br+AD4-Il ne vous reste plus qu+IBkA4A- lui associer son indispensable bin+APQ-me, la bougie coupe piscine rose.+ADw-br+AD4-Et pour jouer le ton sur ton, placez la tout pr+AOg-s d+IBk-une bougie pot de fleur citronnelle turquoise.+ADw-br+AD4-Existe aussi en rose.+ADw-/p+AD4-+ADs-bougie d+AOk-corative, bougie piscine, bougie flottante+ADs-Bougie coupe piscine turquoise +AC0- Bougies outdoor +AC0- Collection Escale Tropicale+ADs-+ADs-En forme de petit bassin tout droit sorti d'une fontaine de jardin italien, la bougie coupe piscine turquoise d+AOk-corera votre ext+AOk-rieur.+ADs-bougie+AC0-coupe+AC0-piscine+AC0-turquoise+ADs-+ADs-+ADs-1+ADs-+ADs-2016+AC0-04+AC0-18+ADs-1+ADs-+ACI-../import/escale+AC0-tropicale/2+AC0-600+AC0-665+AC0-1.jpg,../import/escale+AC0-tropicale/2+AC0-600+AC0-665+AC0-4.jpg
+ACI-+ADs-0+ADs-Diam+AOg-tre:22,Poids:77,Dur+AOk-e de combustion:8 heures,Collection:Escale Tropicale,Th+AOg-me:Printemps/Et+AOk- 2016+ADs-0+ADs-+ADs-0+ADs-0+ADs-0+ADs-0+ADs-0+ADs-1
2600664+ADs-1+ADs-Bougie coupe piscine rose, 8h, bougie flottante+ADs-146,143,142+ADs-24,9+ADs-1+ADs-+ADs-0+ADs-+ADs-+ADs-+ADs-+ADs-2600664+ADs-+ADs-+ADs-+ADs-3023676006647+ADs-+ADs-0+ADs-+ADs-+ADs-+ADs-+ADs-10+ADs-1+ADs-+ADs-+ADs-+ADs-+ADs-+ADs-+ADw-p+AD4-Qui n'a pas r+AOo-v+AOk- d'un bain aux p+AOk-tales de rose ? Offrez+AC0-vous un assortiment de cette bougie coupe piscine rose, sensible et raffin+AOk-e. Parsem+AOk-e sur le caillebottis de votre piscine, allum+AOk-es une +AOA- une, elles vous guideront vers les spas les plus luxueux o+APk- l'on ne songe plus qu'+AOA- sa beaut+AOk- et son bien+AC0A6g-tre.+ADw-br+AD4-Tel un service de table, imaginez une coupe par convive, et vous ma+AO4-triserez comme personne l+IBk-art d+IBk-illuminer vos r+AOk-ceptions d+IBkA6Q-t+AOk-.+ADw-br+AD4-Alternez entre elles les deux teintes de la gamme Coupe piscine, pour en effet yin et yang.+ADw-br+AD4-Existe aussi en turquoise.+ADw-/p+AD4-+ADs-bougie d+AOk-corative, bougie piscine, bougie flottante+ADs-Bougie coupe piscine rose +AC0- Bougies outdoor +AC0- Collection Escale Tropicale+ADs-+ADs-Offrez+AC0-vous une bougie coupe piscine, flottante, et rose, de la collection Escale Tropicale de Bougies la Fran+AOc-aise pour votre bain, bassin ou piscine.+ADs-bougie+AC0-coupe+AC0-piscine+AC0-rose+ADs-+ADs-+ADs-1+ADs-+ADs-2016+AC0-04+AC0-18+ADs-1+ADs-../import/escale+AC0-tropicale/2+AC0-600+AC0-664+AC0-1.jpg,../import/escale+AC0-tropicale/2+AC0-600+AC0-664+AC0-4.jpg+ADs-0+ADs-Diam+AOg-tre:22,Poids:77,Dur+AOk-e de combustion:8 heures,Collection:Escale Tropicale,Th+AOg-me:Printemps/Et+AOk- 2016+ADs-0+ADs-+ADs-0+ADs-0+ADs-0+ADs-0+ADs-0+ADs-1
2600715+ADs-1+ADs-Assortiment 3 bougies, pots c+AOk-ramique XL, 75h, parfum citronnelle+ADs-146,143,142+ADs-72,5+ADs-1+ADs-+ADs-0+ADs-+ADs-+ADs-+ADs-+ADs-2600715+ADs-+ADs-+ADs-+ADs-3023676007156+ADs-+ADs-0+ADs-+ADs-+ADs-+ADs-+ADs-45+ADs-1+ADs-+ADs-+ADs-+ADs-+ADs-+ADs-+ADw-p+AD4-Finesse du d+AOk-cor exotique, ton pastel, motif tapisserie r+AOk-tro, blancheur de la c+AOk-ramique qui se confond avec celle de la cire citronnelle+ICY- C+IBk-est tout le charme de cet assortiment de 3 pots en c+AOk-ramique XL, au parfum citronnelle. Un format g+AOk-n+AOk-reux qui vous fera profiter de la douceur de sa flamme et de son parfum protecteur pendant de longues nuits d+IBkA6Q-t+AOk-.+ADw-br+AD4-Pos+AOk- +AOA- m+AOo-me le sable alors que s+IBk-improvise un barbecue sur la plage, sa flamme est un phare, on s+IBk-y rep+AOg-re, l'iode s'embaume de citronnelle et la mer se fait lumi+AOg-re.+ADw-br+AD4-D+AOk-limitez le carr+AOk- des amis en y joignant le pot c+AOk-ramique carr+AOk- XL, au parfum de citronnelle, et vivez intens+AOk-ment ce moment.+ADw-/p+AD4-+ADs-bougie parfum+AOk-e citronnelle,bougie ext+AOk-rieure+ADs-3 bougies parfum+AOk-es citronnelle  +AC0- Bougies outdoor +AC0- Collection Escale Tropicale+ADs-+ADs-D+AOk-couvrez l'assortiment de 3 bougies parfum+AOk-es, aux d+AOk-cors tendance, +AOA- la citronnelle de la collection Escale Tropicale de Bougies la Fran+AOc-aise et illuminez votre terrasse ou balcon.+ADs-assortiment+AC0-bougies+AC0-parfumees+AC0-xl+AC0-citronnelle+ADs-+ADs-+ADs-1+ADs-+ADs-2016+AC0-04+AC0-18+ADs-1+ADs-+ADs-0+ADs-Hauteur:125,Diam+AOg-tre:105,Poids:915,Dur+AOk-e de combustion:75 heures,Collection:Escale Tropicale,Parfum:Citronnelle,Th+AOg-me:Printemps/Et+AOk- 2016+ADs-0+ADs-+ADs-0+ADs-0+ADs-0+ADs-0+ADs-0+ADs-1
2600710+ADs-1+ADs-Bougie Pot c+AOk-ramique carr+AOk- XL, 75h, parfum citronnelle+ADs-146,143,142+ADs-41,5+ADs-1+ADs-+ADs-0+ADs-+ADs-+ADs-+ADs-+ADs-2600710+ADs-+ADs-+ADs-+ADs-3023676007101+ADs-+ADs-0+ADs-+ADs-+ADs-+ADs-+ADs-40+ADs-1+ADs-+ADs-+ADs-+ADs-+ADs-+ADs-+ADw-p+AD4-Comme un grand cache+AC0-pot d+AOk-cor+AOk- de feuilles de palmes, qui pourrait contenir les premi+AOg-res pousses d'un cocotier g+AOk-ant, ce pot c+AOk-ramique carr+AOk- Xl, au parfum de citronnelle fait le plein de clart+AOk- et d'effluve. Son format sp+AOk-cialement con+AOc-u pour un usage ext+AOk-rieur longue dur+AOk-e vous garantit chaleur visuelle et confort olfactif, m+AOo-me pour les nuits les plus courtes...+ADw-br+AD4-Dispos+AOk-s r+AOk-guli+AOg-rement telles des balises lumineuses, ces pots qui vous guident depuis la baie vitr+AOk-e grande ouverte de votre salon, vers le fond du jardin d+IBk-o+APk- l+IBk-on peut admirer la mer.+ADw-br+AD4-Intercal+AOk-s judicieusement avec l+IBk-assortiment de 3 bougies en pot c+AOk-ramique, ces pots seront aussi agr+AOk-ables +AOA- regarder de jour que de nuit.+ADw-/p+AD4-+ADs-bougie parfum+AOk-e citronnelle,bougie ext+AOk-rieure+ADs-Bougie pot c+AOk-ramique XL citronnelle +AC0- Bougies outdoor +AC0- Collection Escale Tropicale+ADs-+ADs-Offrez+AC0-vous une bougie au parfum citronnelle, en pot c+AOk-ramique XL, de la collection Escale Tropicale de Bougies la Fran+AOc-aise pour vos nuits d'+AOk-t+AOk-.+ADs-bougie+AC0-parfumee+AC0-xl+AC0-citronnelle+AC0-pot+AC0-ceramique+ADs-+ADs-+ADs-1+ADs-+ADs-2016+AC0-04+AC0-18+ADs-1+ADs-+ADs-0+ADs-Hauteur:160,Diam+AOg-tre:140,Poids:2400,Dur+AOk-e de combustion:75 heures,Collection:Escale Tropicale,Parfum:Citronnelle,Th+AOg-me:Printemps/Et+AOk- 2016+ADs-0+ADs-+ADs-0+ADs-0+ADs-0+ADs-0+ADs-0+ADs-1
2600640+ADs-1+ADs-Bougie pot de peinture rose, 50h, parfum citronnelle+ADs-146,143,142+ADs-16,6+ADs-1+ADs-+ADs-0+ADs-+ADs-+ADs-+ADs-+ADs-2600640+ADs-+ADs-+ADs-+ADs-3023676006401+ADs-+ADs-0+ADs-+ADs-+ADs-+ADs-+ADs-40+ADs-1+ADs-+ADs-+ADs-+ADs-+ADs-+ADs-+ACI-+ADw-p+AD4AIgAi-Le bel +AOk-t+AOkAIgAi-, c'est la saison qui donne envie de tout rafra+AO4-chir : les id+AOk-es, la d+AOk-co, les ambiances. Comme de grandes brass+AOk-es de couleurs sur les murs, la bougie pot de peinture rose au parfum de citronnelle, estampill+AOk- de son fier flamand, apportera ses effluves de citronnelle quand la fra+AO4-cheur du soir se fait attendre.+ADw-br+AD4-Dispos+AOk-s de mani+AOg-re al+AOk-atoire, ces pots de peinture bougies donneront +AOA- votre auvent, un cachet d+IBk-atelier de peintre de vacances.+ADw-br+AD4-Jouez l+IBk-harmonie color+AOk-e en y associant la Bougie ananas silhouette, pour une palette +AKsAoA-girly+AKAAuw-.+ADw-br+AD4-Existe aussi en vert, orange et turquoise.+ADw-/p+AD4-+ACI-+ADs-bougie parfum+AOk-e citronnelle,bougie ext+AOk-rieure+ADs-Bougie parfum+AOk-e citronnelle, pot de peinture rose +AC0- Bougies outdoor +AC0- Collection Escale Tropicale+ADs-+ADs-D+AOk-couvrez la bougie en forme de pot de peinture rose, +AOA- la citronnelle et illuminez vos soir+AOk-es estivales avec la nouvelle collection de Bougies la Fran+AOc-aise +ACE-+ADs-bougie+AC0-parfumee+AC0-pot+AC0-peinture+AC0-citronnelle+AC0-rose+ADs-+ADs-+ADs-1+ADs-+ADs-2016+AC0-04+AC0-18+ADs-1+ADs-+ADs-0+ADs-Hauteur:105,Diam+AOg-tre:99,Poids:58,Dur+AOk-e de combustion:50 heures,Collection:Escale Tropicale,Parfum:Citronnelle,Th+AOg-me:Printemps/Et+AOk- 2016+ADs-0+ADs-+ADs-0+ADs-0+ADs-0+ADs-0+ADs-0+ADs-1
2600642+ADs-1+ADs-Bougie pot de peinture orange, 50h, parfum citronnelle+ADs-146,143,142+ADs-16,6+ADs-1+ADs-+ADs-0+ADs-+ADs-+ADs-+ADs-+ADs-2600642+ADs-+ADs-+ADs-+ADs-3023676006425+ADs-+ADs-0+ADs-+ADs-+ADs-+ADs-+ADs-40+ADs-1+ADs-+ADs-+ADs-+ADs-+ADs-+ADs-+ACI-+ADw-p+AD4-Il regorge de soleil ce pot de peinture orange +AOA- la citronnelle. Sa nuance chaude, vitamin+AOk-e, acidul+AOk-e est un concentr+AOk- de +ACIAIg-Bel +AOk-t+AOkAIgAi- +AOA- lui tout seul. Les d+AOk-licats p+AOk-tales de la fleur d+IBk-hibiscus en guise d'embl+AOg-me symbolisent le parfum raffin+AOk- de la douce et r+AOk-confortante citronnelle.+ADw-br+AD4-Alignez plusieurs de ces pots oranges, comme on repeindrait un mur entier d+IBk-une salle +AOA- manger d+IBkA6Q-t+AOk-, pour avoir un couch+AOk- de soleil +AOA- toute heure de la journ+AOk-e.+ADw-br+AD4-Qui se ressemble s+IBk-assemble, semble se dire la Bougie perroquet boule, qui r+AOo-ve de tromper son bec dans ce pot de cire orange+AKAAIQA8-/br+AD4-Existe aussi en rose, vert et turquoise.+ADw-/p+AD4-+ACI-+ADs-bougie parfum+AOk-e citronnelle,bougie ext+AOk-rieure+ADs-Bougie parfum+AOk-e citronnelle, pot de peinture orange +AC0- Bougies outdoor +AC0- Collection Escale Tropicale+ADs-+ADs-D+AOk-couvrez la bougie en forme de pot de peinture orange, +AOA- la citronnelle et illuminez vos soir+AOk-es estivales avec la nouvelle collection de Bougies la Fran+AOc-aise +ACE-+ADs-bougie+AC0-parfumee+AC0-pot+AC0-peinture+AC0-citronnelle+AC0-orange+ADs-+ADs-+ADs-1+ADs-+ADs-2016+AC0-04+AC0-18+ADs-1+ADs-+ADs-0+ADs-Hauteur:105,Diam+AOg-tre:99,Poids:58,Dur+AOk-e de combustion:50 heures,Collection:Escale Tropicale,Parfum:Citronnelle,Th+AOg-me:Printemps/Et+AOk- 2016+ADs-0+ADs-+ADs-0+ADs-0+ADs-0+ADs-0+ADs-0+ADs-1
2600643+ADs-1+ADs-Bougie pot de peinture turquoise, 50h, parfum citronnelle+ADs-146,143,142+ADs-16,6+ADs-1+ADs-+ADs-0+ADs-+ADs-+ADs-+ADs-+ADs-2600643+ADs-+ADs-+ADs-+ADs-3023676006432+ADs-+ADs-0+ADs-+ADs-+ADs-+ADs-+ADs-40+ADs-1+ADs-+ADs-+ADs-+ADs-+ADs-+ADs-+ACI-+ADw-p+AD4-Plongez directement tous vos sens dans un mini lagon des Cara+AO8-bes, avec ce pot de peinture turquoise +AOA- la citronnelle. Il arbore le mythique palmier aux couleurs du +ACIAIg-Bel +AOk-t+AOkAIgAi-, les vapeurs de citronnelle transforme votre salon en patio exotique, et vous assure un d+AOk-paysement total.+ADw-br+AD4-Dispos+AOk- juste au bord de votre piscine, on vient y puiser tout le concentr+AOk- de pigment qui donne le ton +AOA- votre +AKsAoA-lagon maison+AKAAuw-.+ADw-br+AD4-Et comme attir+AOk-e par sa lumi+AOg-re bleut+AOk-e, la bougie fleur hibiscus se marie id+AOk-alement au pot de peinture de m+AOo-me teinte.+ADw-br+AD4-Existe aussi en rose, vert et orange.+ADw-/p+AD4-+ACI-+ADs-bougie parfum+AOk-e citronnelle,bougie ext+AOk-rieure+ADs-Bougie parfum+AOk-e citronnelle, pot de peinture turquoise +AC0- Bougies outdoor +AC0- Collection Escale Tropicale+ADs-+ADs-D+AOk-couvrez la bougie pot de peinture turquoise +AOA- la citronnelle de la collection Escale Tropicale de Bougies la Fran+AOc-aise, et changez la d+AOk-coration de votre terrasse ou balcon.+ADs-bougie+AC0-parfumee+AC0-pot+AC0-peinture+AC0-citronnelle+AC0-turquoise+ADs-+ADs-+ADs-1+ADs-+ADs-2016+AC0-04+AC0-18+ADs-1+ADs-+ADs-0+ADs-Hauteur:105,Diam+AOg-tre:99,Poids:58,Dur+AOk-e de combustion:50 heures,Collection:Escale Tropicale,Parfum:Citronnelle,Th+AOg-me:Printemps/Et+AOk- 2016+ADs-0+ADs-+ADs-0+ADs-0+ADs-0+ADs-0+ADs-0+ADs-1
2600641+ADs-1+ADs-Bougie pot de peinture vert, 50h, parfum citronnelle+ADs-146,143,142+ADs-16,6+ADs-1+ADs-+ADs-0+ADs-+ADs-+ADs-+ADs-+ADs-2600641+ADs-+ADs-+ADs-+ADs-3023676006418+ADs-+ADs-0+ADs-+ADs-+ADs-+ADs-+ADs-40+ADs-1+ADs-+ADs-+ADs-+ADs-+ADs-+ADs-+ACI-+ADw-p+AD4-Teinte fraiche par nature, le vert de ce pot de peinture +AOA- la citronnelle  donne envie de se plonger au c+AVM-ur d'une for+AOo-t tropicale, +AOA- l'abris des rayons d'un soleil trop haut, +AOA- l'ombre de grandes feuilles parasols. Sans crainte des petits insectes estivaux, la citronnelle d+AOk-licatement distill+AOk-e vous garantit +ACIAIg-Le bel +AOk-t+AOkAIgAi-.+ADw-br+AD4-Un pot de peinture entre deux pots de fleurs, pour puiser votre inspiration d+AOk-co dans ce que la nature fait de mieux.+ADw-br+AD4-Ne r+AOk-sistez pas et jouez +AOA- fond le th+AOg-me ananas en y associant la bougie ananas bicolore.+ADw-br+AD4-Existe aussi en rose, orange et turquoise.+ADw-/p+AD4-+ACI-+ADs-bougie parfum+AOk-e citronnelle,bougie ext+AOk-rieure+ADs-Bougie parfum+AOk-e citronnelle, pot de peinture vert +AC0- Bougies outdoor +AC0- Collection Escale Tropicale+ADs-+ADs-D+AOk-couvrez la bougie pot de peinture vert +AOA- la citronnelle de la collection Escale Tropicale de Bougies la Fran+AOc-aise et passez de belles soir+AOk-es en ext+AOk-rieur cet +AOk-t+AOk- +AOA- la bougie.+ADs-bougie+AC0-parfumee+AC0-pot+AC0-peinture+AC0-citronnelle+AC0-vert+ADs-+ADs-+ADs-1+ADs-+ADs-2016+AC0-04+AC0-18+ADs-1+ADs-+ADs-0+ADs-Hauteur:105,Diam+AOg-tre:99,Poids:58,Dur+AOk-e de combustion:50 heures,Collection:Escale Tropicale,Parfum:Citronnelle,Th+AOg-me:Printemps/Et+AOk- 2016+ADs-0+ADs-+ADs-0+ADs-0+ADs-0+ADs-0+ADs-0+ADs-1
2600705+ADs-1+ADs-Assortiment 3 bougies parfum+AOk-es, 30h, pots c+AOk-ramique+ADs-145,143,142+ADs-40+ADs-1+ADs-+ADs-0+ADs-+ADs-+ADs-+ADs-+ADs-2600705+ADs-+ADs-+ADs-+ADs-3023676007057+ADs-+ADs-0+ADs-+ADs-+ADs-+ADs-+ADs-60+ADs-1+ADs-+ADs-+ADs-+ADs-+ADs-+ADs-+ADw-p+AD4-Le charme et la d+AOk-licatesse de cet assortiment de 3 bougies parfum+AOk-es en pots c+AOk-ramique r+AOk-side dans son motif graphique et pastel, tel un ancien papier peint de chambre d'enfant. La blancheur de la c+AOk-ramique fait ressortir les teintes turquoise, rose et verte de la cire parfum+AOk-e, dont la douceur de la flamme et la l+AOk-g+AOg-ret+AOk- du parfum vous accompagnent pour de longues nuits de tranquillit+AOk-.+ADw-br+AD4-Ce trio de pots petits mod+AOg-les trouve aussi ais+AOk-ment sa place sur une console de votre int+AOk-rieur qu+IBkA4A- m+AOo-me le rebord de votre piscine.+ADw-br+AD4-Les parfums reprennent les senteurs pr+AOk-f+AOk-r+AOk-es de la collection Escale Tropicale+AKA-: Blue Lagoon pour la bougie bleue, Pink Paradise pour la bougie rose, et Pina Colada pour la bougie verte.+ADw-/p+AD4-+ADs-bougie parfum+AOk-e, assortiment de bougies, bougies color+AOk-es, parfums tropicaux+ADs-3 bougies parfum+AOk-es +IBM- La Belle Senteur +AC0- Collection Escale Tropicale+ADs-+ADs-Offrez+AC0-vous un assortiment de 3 bougies parfum+AOk-es, aux senteurs tropicales+AKA-: Blue Lagoon, Pink Paradise et Pina Colada, de la collection Escale Tropicale de Bougies la Fran+AOc-aise.+ADs-assortiment+AC0-bougie+AC0-parfumee+AC0-tropicales+ADs-+ADs-+ADs-1+ADs-+ADs-2016+AC0-04+AC0-18+ADs-1+ADs-+ADs-0+ADs-Hauteur:70,Diam+AOg-tre:70,Poids:280,Dur+AOk-e de combustion:30 heures,Collection:Escale Tropicale,Th+AOg-me:Printemps/Et+AOk- 2016+ADs-0+ADs-+ADs-0+ADs-0+ADs-0+ADs-0+ADs-0+ADs-1
2600666+ADs-1+ADs-Bougie parfum+AOk-e Pink Paradise rose, 20h, verre bodega+ADs-145,143,142+ADs-12,4+ADs-1+ADs-+ADs-0+ADs-+ADs-+ADs-+ADs-+ADs-2600666+ADs-+ADs-+ADs-+ADs-3023676006661+ADs-+ADs-0+ADs-+ADs-+ADs-+ADs-+ADs-50+ADs-1+ADs-+ADs-+ADs-+ADs-+ADs-+ADs-+ACI-+ADw-p+AD4-C'est le cocktail +ACIAIg-girly+ACIAIg- par excellence +ACE- Dans ce petit verre sage et arrondi se cache en r+AOk-alit+AOk- la bougie parfum+AOk-e Pink Paradise. Les premi+AOg-res notes fra+AO4-ches et toniques laisseront vite place +AOA- une atmosph+AOg-re Champagne et Vodka, pour donner +AOA- vos soir+AOk-es le go+APs-t d+IBk-une escale tropicale.+ADw-br+AD4-Un petit verre Bodega aux accents du Sud Ouest, allum+AOk- ou juste en d+AOk-co, suffit +AOA- vous mettre en mode +AKsAoA-festif+AKAAuw- d+AOg-s l+IBk-arriv+AOk-e d+AOg-s beaux jours.+ADw-br+AD4-Misez tout sur le rose, le temps d+IBk-une +AKsAoA-Summer Party+AKAAuw-, en y associant la bougie ananas silhouette, ou la bougie surprise perroquet boule+ICY- rose, bien s+APs-r+AKAAIQA8-/p+AD4-+ACI-+ADs-bougie parfum+AOk-e, parfum pink paradise, bougies color+AOk-es, parfums tropicaux+ADs-Bougie parfum+AOk-e Pink Paradise rose +IBM- La Belle Senteur +AC0- Collection Escale Tropicale+ADs-+ADs-D+AOk-couvrez la bougie parfum+AOk-e rose Pink Paradise de la collection Escale Tropicale de Bougies la Fran+AOc-aise, et changez la d+AOk-coration de votre int+AOk-rieur+AKAAIQ-+ADs-bougie+AC0-parfumee+AC0-rose+AC0-pink+AC0-paradise+ADs-+ADs-+ADs-1+ADs-+ADs-2016+AC0-04+AC0-18+ADs-1+ADs-+ADs-0+ADs-Hauteur:63,Diam+AOg-tre:70,Poids:255,Dur+AOk-e de combustion:20 heures,Collection:Escale Tropicale,Parfum:Pink Paradise,Th+AOg-me:Printemps/Et+AOk- 2016+ADs-0+ADs-+ADs-0+ADs-0+ADs-0+ADs-0+ADs-0+ADs-1
2600668+ADs-1+ADs-Bougie parfum+AOk-e Tequila Sunrise orange, 20h, verre bodega+ADs-145,143,142+ADs-12,4+ADs-1+ADs-+ADs-0+ADs-+ADs-+ADs-+ADs-+ADs-2600668+ADs-+ADs-+ADs-+ADs-3023676006685+ADs-+ADs-0+ADs-+ADs-+ADs-+ADs-+ADs-50+ADs-1+ADs-+ADs-+ADs-+ADs-+ADs-+ADs-+ADw-p+AD4-Osez la bougie parfum+AOk-e Tequila Sunrise, ouverte comme un soleil rehauss+AOk- de rose, d'agrume et de p+AOo-che. Ce charmant verre bodega couleur ananas, nous rappelle que sur la plage de Bahia ou dans son jardin d+IBkA6Q-t+AOk-, on se laisse aussi griser par les fruits rouges, les grenades, et la vanille...+ADw-br+AD4-Ce verre bod+AOk-ga, clin d'+AVM-il +AOA- une paillote de la plage de Biarritz, est le format id+AOk-al pour se glisser au milieu d+IBk-un comptoir, sur une table de jardin, ou entre deux chaises longues.+ADw-br+AD4-Pour que +AKsAoA-La Belle Senteur+AKAAuw- rencontre +AKsAoA-Le bel +AOk-t+AOkAoAC7-, m+AOk-langez les teintes avec la s+AOk-rie des pots de peinture color+AOk-s +AOA- la citronnelle.+ADw-/p+AD4-+ADs-bougie parfum+AOk-e, parfum pink paradise, bougies color+AOk-es, parfums tropicaux+ADs-Bougie parfum+AOk-e Tequila Sunrise orange +IBM- La Belle Senteur +AC0- Collection Escale Tropicale+ADs-+ADs-D+AOk-couvrez la bougie parfum+AOk-e orange Tequila Sunrise de la collection Escale Tropicale de Bougies la Fran+AOc-aise, et changez la d+AOk-coration de votre int+AOk-rieur+AKAAIQ-+ADs-bougie+AC0-parfumee+AC0-orange+AC0-tequila+AC0-sunrise+ADs-+ADs-+ADs-1+ADs-+ADs-2016+AC0-04+AC0-18+ADs-1+ADs-+ADs-0+ADs-Hauteur:63,Diam+AOg-tre:70,Poids:255,Dur+AOk-e de combustion:20 heures,Collection:Escale Tropicale,Parfum:Tequila Sunrise,Th+AOg-me:Printemps/Et+AOk- 2016+ADs-0+ADs-+ADs-0+ADs-0+ADs-0+ADs-0+ADs-0+ADs-1
2600669+ADs-1+ADs-Bougie parfum+AOk-e Blue Lagoon turquoise, 20h, verre bodega+ADs-145,143,142+ADs-12,4+ADs-1+ADs-+ADs-0+ADs-+ADs-+ADs-+ADs-+ADs-2600669+ADs-+ADs-+ADs-+ADs-3023676006692+ADs-+ADs-0+ADs-+ADs-+ADs-+ADs-+ADs-50+ADs-1+ADs-+ADs-+ADs-+ADs-+ADs-+ADs-+ADw-p+AD4-Pour se retrouver en un instant +AOA- siroter un cocktail liquoreux sous l'ombre d'un cocotier face +AOA- la mer des Cara+AO8-bes, d+AOk-couvrez vite la bougie parfum+AOk-e Blue Lagoon. Dans ce verre g+AOk-n+AOk-reusement rempli d+IBk-une vague bleue, ces effluves vous font naviguer entre douceur, ivresse et gourmandise.+ADw-br+AD4-Typique des ferias du Sud, ce verre bod+AOk-ga s+IBk-offre une escale estivale, entre un bouquet d+IBk-oiseaux du paradis, une coupe de fruits richement garnie, et un cocktail maison dont vous gardez le secret.+ADw-br+AD4-Coordonnez cette bougie parfum+AOk-e au Coffret cadeau, bougie parfum+AOk-e Blue Lagoon pour un chavirement visuel et olfactif vers d+IBk-autres latitudes.+ADw-/p+AD4-+ADs-bougie parfum+AOk-e, parfum pink paradise, bougies color+AOk-es, parfums tropicaux+ADs-Bougie parfum+AOk-e Blue Lagoon turquoise +IBM- La Belle Senteur +AC0- Collection Escale Tropicale+ADs-+ADs-D+AOk-couvrez la bougie parfum+AOk-e turquoise Blue Lagoon de la collection Escale Tropicale de Bougies la Fran+AOc-aise, et parfumez votre int+AOk-rieur de senteurs tropicales+AKAAIQ-+ADs-bougie+AC0-parfumee+AC0-turquoise+AC0-blue+AC0-lagoon+ADs-+ADs-+ADs-1+ADs-+ADs-2016+AC0-04+AC0-18+ADs-1+ADs-+ADs-0+ADs-Hauteur:63,Diam+AOg-tre:70,Poids:255,Dur+AOk-e de combustion:20 heures,Collection:Escale Tropicale,Parfum:Blue Lagoon,Th+AOg-me:Printemps/Et+AOk- 2016+ADs-0+ADs-+ADs-0+ADs-0+ADs-0+ADs-0+ADs-0+ADs-1
2600667+ADs-1+ADs-Bougie parfum+AOk-e Pina Colada vert, 20h, verre bodega+ADs-145,143,142+ADs-12,4+ADs-1+ADs-+ADs-0+ADs-+ADs-+ADs-+ADs-+ADs-2600667+ADs-+ADs-+ADs-+ADs-3023676006678+ADs-+ADs-0+ADs-+ADs-+ADs-+ADs-+ADs-50+ADs-1+ADs-+ADs-+ADs-+ADs-+ADs-+ADs-+ADw-p+AD4-Inspir+AOk-e du fameux long+AC0-drink au c+AVM-ur onctueux et lact+AOk-e, la bougie parfum+AOk-e Pina Colada, symbolis+AOk-e par l'ananas g+AOk-n+AOk-reux, contient dans son verre bodega, une explosion exotique digne d'un bar de Porto+AC0-Rico : touches de coco, fruit p+AOk-tillant et rhum+AC0-vanille.+ADw-br+AD4-Parce qu+IBk-il semble directement sorti d+IBk-un spot de surf du Pays Basque, le verre qui contient cette bougie parfum+AOk-e se placera naturellement au milieu de votre service de table estivale.+ADw-/br+AD4-Laissez vous s+AOk-duire par la d+AOk-co jungle de la collection +AKsAoA-Belle senteur+AKAAuw-, en d+AOk-couvrant +AOk-galement la Bonbonni+AOg-re +AOA- la senteur tropicale.+ADw-/p+AD4-+ADs-bougie parfum+AOk-e, parfum pink paradise, bougies color+AOk-es, parfums tropicaux+ADs-Bougie parfum+AOk-e Pina Colada vert +IBM- La Belle Senteur +AC0- Collection Escale Tropicale+ADs-+ADs-D+AOk-couvrez la bougie parfum+AOk-e verte Pina Colada de la collection Escale Tropicale de Bougies la Fran+AOc-aise, et parfumez votre int+AOk-rieur de senteurs tropicales+AKAAIQ-+ADs-bougie+AC0-parfumee+AC0-verte+AC0-pina+AC0-colada+ADs-+ADs-+ADs-1+ADs-+ADs-2016+AC0-04+AC0-18+ADs-1+ADs-+ADs-0+ADs-Hauteur:63,Diam+AOg-tre:70,Poids:255,Dur+AOk-e de combustion:20 heures,Collection:Escale Tropicale,Parfum:Pina Colada,Th+AOg-me:Printemps/Et+AOk- 2016+ADs-0+ADs-+ADs-0+ADs-0+ADs-0+ADs-0+ADs-0+ADs-1
2600610+ADs-1+ADs-Bougie parfum+AOk-e bonbonni+AOg-re rose, 50h, Hawaiian Wind+ADs-145,143,142+ADs-16,625+ADs-1+ADs-+ADs-0+ADs-+ADs-+ADs-+ADs-+ADs-2600610+ADs-+ADs-+ADs-+ADs-3023676006104+ADs-+ADs-0+ADs-+ADs-+ADs-+ADs-+ADs-10+ADs-1+ADs-+ADs-+ADs-+ADs-+ADs-+ADs-+ADw-p+AD4-Le vent hawa+AO8-en est venu disposer ses p+AOk-tales de fleurs sur la bonbonni+AOg-re parfum+AOk-e Hawaiian Wind. Aux premi+AOg-res effluves, vous surfez sur les vagues orientales de ces Aliz+AOk-s, et vous d+AOk-cidez de passer la soir+AOk-e sur une plage au sable blond comme du sucre vanill+AOk-.+ADw-br+AD4-Cette bonbonni+AOg-re rehauss+AOk-e d+IBk-un couvercle de verre pour pr+AOk-server ar+APQ-me et teinte, vient +AOk-gayer votre cuisine, comme un bocal de berlingots ou une r+AOk-serve d+IBkA6Q-pices lointaines.+ADw-br+AD4-Agr+AOk-mentez de la bougie parfum+AOk-e, verre bodega Pink Paradise, pour un effet rayonnage de confiseur.+ADw-/p+AD4-+ADs-bougie parfum+AOk-e, bonbonni+AOg-re parfum+AOk-e, bougies color+AOk-es, parfums tropicaux+ADs-Bougie parfum+AOk-e bonbonni+AOg-re rose +IBM- Hawaiian Wind +IBM- La Belle Senteur +AC0- Collection Escale Tropicale+ADs-+ADs-D+AOk-couvrez la bougie parfum+AOk-e rose Hawaiian Wind, en forme de bonbonni+AOg-re de la collection Escale Tropicale de Bougies la Fran+AOc-aise, et parfumez votre int+AOk-rieur de senteurs tropicales+AKAAIQ-+ADs-bougie+AC0-parfumee+AC0-rose+AC0-bonbonniere+AC0-hawaiian+AC0-wind+ADs-+ADs-+ADs-1+ADs-+ADs-2016+AC0-04+AC0-18+ADs-1+ADs-+ADs-0+ADs-Hauteur:100,Diam+AOg-tre:93,Poids:655,Dur+AOk-e de combustion:50 heures,Collection:Escale Tropicale,Parfum:Hawaiian Wind,Th+AOg-me:Printemps/Et+AOk- 2016+ADs-0+ADs-+ADs-0+ADs-0+ADs-0+ADs-0+ADs-0+ADs-1
2600612+ADs-1+ADs-Bougie parfum+AOk-e bonbonni+AOg-re orange, 50h, Caraibean Sun+ADs-145,143,142+ADs-16,625+ADs-1+ADs-+ADs-0+ADs-+ADs-+ADs-+ADs-+ADs-2600612+ADs-+ADs-+ADs-+ADs-3023676006128+ADs-+ADs-0+ADs-+ADs-+ADs-+ADs-+ADs-10+ADs-1+ADs-+ADs-+ADs-+ADs-+ADs-+ADs-+ADw-p+AD4-D+AOk-licatement tapiss+AOk-e de jasmin, la bougie parfum+AOk-e en bonbonni+AOg-re Caraibean Sun, au ton orang+AOk- et gourmand, est un concentr+AOk- fruit+AOk- de chaleur tropicale. Apr+AOg-s quelques pas d'une samba romantique +AOA- la nuit tomb+AOk-e, elle vous invitera au repos sous les derniers rayons du soleil couchant.+ADw-br+AD4-Tel un pot de marmelade d+IBk-agrumes, un bocal de chutney de mangue, cette bonbonni+AOg-re va aiguiser l+IBk-app+AOk-tit sensoriel de vos plus gourmets des convives.+ADw-br+AD4-Jouez l+IBk-harmonie color+AOk-e en faisant tr+APQ-ner aux cot+AOk-s de cette bonbonni+AOg-re, la bougie ananas bicolore orange/vert.+ADw-/p+AD4-+ADs-bougie parfum+AOk-e, bonbonni+AOg-re parfum+AOk-e, bougies color+AOk-es, parfums tropicaux+ADs-Bougie parfum+AOk-e bonbonni+AOg-re oange +IBM- Caraibean Sun +IBM- La Belle Senteur +AC0- Collection Escale Tropicale+ADs-+ADs-D+AOk-couvrez la bougie parfum+AOk-e orange Caraibean Sun, en forme de bonbonni+AOg-re de la collection Escale Tropicale de Bougies la Fran+AOc-aise, et parfumez votre int+AOk-rieur de senteurs tropicales+AKAAIQ-+ADs-bougie+AC0-parfumee+AC0-orange+AC0-bonbonniere+AC0-caraibean+AC0-sun+ADs-+ADs-+ADs-1+ADs-+ADs-2016+AC0-04+AC0-18+ADs-1+ADs-+ADs-0+ADs-Hauteur:100,Diam+AOg-tre:93,Poids:655,Dur+AOk-e de combustion:50 heures,Collection:Escale Tropicale,Parfum:Caraibean Sun,Th+AOg-me:Printemps/Et+AOk- 2016+ADs-0+ADs-+ADs-0+ADs-0+ADs-0+ADs-0+ADs-0+ADs-1
2600613+ADs-1+ADs-Bougie parfum+AOk-e bonbonni+AOg-re turquoise, 50h, Tropical Trip+ADs-145,143,142+ADs-16,625+ADs-1+ADs-+ADs-0+ADs-+ADs-+ADs-+ADs-+ADs-2600613+ADs-+ADs-+ADs-+ADs-3023676006135+ADs-+ADs-0+ADs-+ADs-+ADs-+ADs-+ADs-20+ADs-1+ADs-+ADs-+ADs-+ADs-+ADs-+ADs-+ACI-+ADw-p+AD4-Amass+AOk-es sur les rives, des feuilles de palme cr+AOk-ent le motif d+AOk-coratif de cette bonbonni+AOg-re parfum+AOk-e Tropical Trip, couleur des eaux du fleuve Amazone. Embarquez pour un voyage mystique sur un bateau aux vapeurs poudr+AOk-es et musqu+AOk-es... D+AOk-paysement et relaxation assur+AOk-s.+ADw-br+AD4-Tel un petit coffret de bijoux pr+AOk-cieux, rapport+AOk-s d+IBk-escapades tropicales, cette bonbonni+AOg-re d+AOk-co attirera d+IBk-abord les regards+AKAAOw- puis, une fois allum+AOk-e, ravira les sens.+ADw-br+AD4-Prolongez le voyage en l+IBk-alliant avec la Bougie cylindrique motif fleurs, pour que la nuit ne perde rien de sa magie.+ADw-/p+AD4-+ACI-+ADs-bougie parfum+AOk-e, bonbonni+AOg-re parfum+AOk-e, bougies color+AOk-es, parfums tropicaux+ADs-Bougie parfum+AOk-e bonbonni+AOg-re turquoise +IBM- Tropical Trip +IBM- La Belle Senteur +AC0- Collection Escale Tropicale+ADs-+ADs-D+AOk-couvrez la bougie parfum+AOk-e turquoise Tropical Trip, en forme de bonbonni+AOg-re de la collection Escale Tropicale de Bougies la Fran+AOc-aise, et parfumez votre int+AOk-rieur de senteurs tropicales+AKAAIQ-+ADs-bougie+AC0-parfumee+AC0-turquoise+AC0-bonbonniere+AC0-tropical+AC0-trip+ADs-+ADs-+ADs-1+ADs-+ADs-2016+AC0-04+AC0-18+ADs-1+ADs-+ADs-0+ADs-Hauteur:100,Diam+AOg-tre:93,Poids:655,Dur+AOk-e de combustion:50 heures,Collection:Escale Tropicale,Parfum:Tropical Trip,Th+AOg-me:Printemps/Et+AOk- 2016+ADs-0+ADs-+ADs-0+ADs-0+ADs-0+ADs-0+ADs-0+ADs-1
2600611+ADs-1+ADs-Bougie parfum+AOk-e bonbonni+AOg-re verte, 50h, Tahiti Waves+ADs-145,143,142+ADs-16,625+ADs-1+ADs-+ADs-0+ADs-+ADs-+ADs-+ADs-+ADs-2600611+ADs-+ADs-+ADs-+ADs-3023676006111+ADs-+ADs-0+ADs-+ADs-+ADs-+ADs-+ADs-10+ADs-1+ADs-+ADs-+ADs-+ADs-+ADs-+ADs-+ADw-p+AD4-Le verre translucide sorti des eaux bleues du Pacifique, orn+AOk- de p+AOk-tales d'hibiscus et de plantes tropicales, sert d'+AOk-crin +AOA- cette bonbonni+AOg-re Tahiti Waves. De jour comme de nuit, les Iles du Vent diffusent leur parfum floral et fruit+AOk- et l'oc+AOk-an vous caresse de sa vague marine.+ADw-br+AD4-Pourquoi ne pas en disposer plusieurs exemplaires sur le rebord de votre baignoire, parmi les sels de bains, les +AOk-ponges naturelles, et les huiles tropicales+ICYAPA-br+AD4-Ajoutez la Bougie fleur hibiscus turquoise pour vivre un instant bien+AC0A6g-tre dans votre spa +AKsAoA-maison+AKAAuw-.+ADw-/p+AD4-+ADs-bougie parfum+AOk-e, bonbonni+AOg-re parfum+AOk-e, bougies color+AOk-es, parfums tropicaux+ADs-Bougie parfum+AOk-e bonbonni+AOg-re verte +IBM- Tahiti Waves +IBM- La Belle Senteur +AC0- Collection Escale Tropicale+ADs-+ADs-D+AOk-couvrez la bougie parfum+AOk-e verte Tahiti Waves, en forme de bonbonni+AOg-re de la collection Escale Tropicale de Bougies la Fran+AOc-aise+AKAAIQ-+ADs-bougie+AC0-parfumee+AC0-verte+AC0-bonbonniere+AC0-tahiti+AC0-waves+ADs-+ADs-+ADs-1+ADs-+ADs-2016+AC0-04+AC0-18+ADs-1+ADs-+ADs-0+ADs-Hauteur:100,Diam+AOg-tre:93,Poids:655,Dur+AOk-e de combustion:50 heures,Collection:Escale Tropicale,Parfum:Tahiti Waves,Th+AOg-me:Printemps/Et+AOk- 2016+ADs-0+ADs-+ADs-0+ADs-0+ADs-0+ADs-0+ADs-0+ADs-1
2600617+ADs-1+ADs-Coffret bougie parfum+AOk-e orange, 40h, Tequila Sunrise+ADs-145,143,142+ADs-20,8+ADs-1+ADs-+ADs-0+ADs-+ADs-+ADs-+ADs-+ADs-2600617+ADs-+ADs-+ADs-+ADs-3023676006173+ADs-+ADs-0+ADs-+ADs-+ADs-+ADs-+ADs-50+ADs-1+ADs-+ADs-+ADs-+ADs-+ADs-+ADs-+ADw-p+AD4-Osez le Coffret cadeau, bougie parfum+AOk-e Tequila Sunrise, qui cache un d+AOk-licat verre d+AOk-poli arborant la fleur d'hibiscus aux reflets de rose et de p+AOo-che. Comme sur la plage de Bahia, cette bougie couleur soleil levant vous promet une journ+AOk-e berc+AOk-e d'effluves suaves et sucr+AOk-es.+ADw-br+AD4-Transformez votre terrasse en paillote de plage+AKA-: l+IBk-atmosph+AOg-re olfactive sera garantie par la bougie Tequila Sunrise, et l+IBk-ambiance d+AOk-co par les coffrets d+IBk-emballage judicieusement dispos+AOk-s.+ADw-br+AD4-Ne vous privez pas de la collection compl+AOg-te et procurez+AC0-vous les quatre coffrets parfum+AOk-s+ACEAPA-/p+AD4-+ADs-bougie parfum+AOk-e, coffret cadeau, bougies color+AOk-es, parfums tropicaux+ADs-Coffret bougie parfum+AOk-e orange +IBM- Tequila Sunrise +IBM- La Belle Senteur +AC0- Collection Escale Tropicale+ADs-+ADs-Offrez+AC0-vous un coffret bougie parfum+AOk-e, au d+AOk-licat parfum Tequila Sunrise, de la collection Escale Tropicale de Bougies la Fran+AOc-aise pour votre int+AOk-rieur+AKAAIQ-+ADs-coffret+AC0-bougie+AC0-parfumee+AC0-orange+AC0-tequila+AC0-sunrise+ADs-+ADs-+ADs-1+ADs-+ADs-2016+AC0-04+AC0-18+ADs-1+ADs-+ADs-0+ADs-Hauteur:90,Diam+AOg-tre:75,Poids:390,Dur+AOk-e de combustion:40 heures,Collection:Escale Tropicale,Parfum:Tequila Sunrise,Th+AOg-me:Printemps/Et+AOk- 2016+ADs-0+ADs-+ADs-0+ADs-0+ADs-0+ADs-0+ADs-0+ADs-1
2600615+ADs-1+ADs-Coffret bougie parfum+AOk-e rose, 40h, Pink Paradie+ADs-145,143,142+ADs-20,8+ADs-1+ADs-+ADs-0+ADs-+ADs-+ADs-+ADs-+ADs-2600615+ADs-+ADs-+ADs-+ADs-3023676006159+ADs-+ADs-0+ADs-+ADs-+ADs-+ADs-+ADs-50+ADs-1+ADs-+ADs-+ADs-+ADs-+ADs-+ADs-+ACI-p+AD4-Pour un cadeau +ACIAIg-girly+ACIAIg- +AOA- coup s+APs-r, ce Coffret cadeau, bougie parfum+AOk-e Pink Paradise tapiss+AOk- de flamands roses, d+AOk-voile en son verre d+AOk-poli, une bougie r+AOk-solument fra+AO4-che et tonique. L'atmosph+AOg-re sera Champagne et Vodka, le tout servi au beau milieu d'un bouquet de p+AOk-tales de roses.+ADw-br+AD4-La cr+AOk-maill+AOg-re d+IBk-une amie, l+IBk-enterrement de vie de jeune fille d+IBk-une cousine, bienvenue +AOA- une coll+AOg-gue de travail+ICY- Ce coffret parfum+AOk- est l+IBk-id+AOk-e cadeau fun et tendance id+AOk-al.+ADw-br+AD4-Et si vous faites une cagnotte +AOA- plusieurs, compl+AOk-tez avec la Bougie ananas silhouette, et le Pot de peinture rose +AOA- la citronnelle.+ADw-/p+AD4-+ACI-+ADs-bougie parfum+AOk-e, coffret cadeau, bougies color+AOk-es, parfums tropicaux+ADs-Coffret bougie parfum+AOk-e rose +IBM- Pink Paradise +IBM- La Belle Senteur +AC0- Collection Escale Tropicale+ADs-+ADs-Offrez+AC0-vous un coffret bougie parfum+AOk-e rose, tellement girly, au d+AOk-licat parfum Pink Paradise, de la collection Escale Tropicale de Bougies la Fran+AOc-aise pour votre int+AOk-rieur+AKAAIQ-+ADs-coffret+AC0-bougie+AC0-parfumee+AC0-rose+AC0-pink+AC0-paradise+ADs-+ADs-+ADs-1+ADs-+ADs-2016+AC0-04+AC0-18+ADs-1+ADs-+ADs-0+ADs-Hauteur:90,Diam+AOg-tre:75,Poids:390,Dur+AOk-e de combustion:40 heures,Collection:Escale Tropicale,Parfum:Pink Paradise,Th+AOg-me:Printemps/Et+AOk- 2016+ADs-0+ADs-+ADs-0+ADs-0+ADs-0+ADs-0+ADs-0+ADs-1
2600616+ADs-1+ADs-Coffret bougie parfum+AOk-e vert, 40h, Pina Colada+ADs-145,143,142+ADs-20,8+ADs-1+ADs-+ADs-0+ADs-+ADs-+ADs-+ADs-+ADs-2600616+ADs-+ADs-+ADs-+ADs-3023676006166+ADs-+ADs-0+ADs-+ADs-+ADs-+ADs-+ADs-50+ADs-1+ADs-+ADs-+ADs-+ADs-+ADs-+ADs-+ADw-p+AD4-En ouvrant ce coffret bougie parfum+AOk-e Pina Colada, d+AOk-cor+AOk- comme une tapisserie r+AOk-tro au motif ananas, vous entrez dans un bar de Porto+AC0-Rico. D+AOk-couvrez alors en son verre d+AOk-poli une bougie +AOA- la teinte onctueuse, aux notes fruit+AOk-es et aux vapeurs de rhum+AC0-vanille.+ADw-br+AD4-Pour un mini+AC0-bar improvis+AOk- dans un recoin du jardin, l+IBk-ambiance lumineuse est id+AOk-alement assur+AOk-e par une bougie en totale harmonie avec les cocktails servis.+ADw-br+AD4-Jouez le motif ananas en lui associant la Bougie ananas bicolore+ACEAPA-/p+AD4-+ADs-bougie parfum+AOk-e, coffret cadeau, bougies color+AOk-es, parfums tropicaux+ADs-Coffret bougie parfum+AOk-e vert +IBM- Pina Colada +IBM- La Belle Senteur +AC0- Collection Escale Tropicale+ADs-+ADs-Offrez+AC0-vous un coffret bougie parfum+AOk-e vert, au parfum du coktail Pina Colada, de la collection Escale Tropicale de Bougies la Fran+AOc-aise pour votre int+AOk-rieur+AKAAIQ-+ADs-coffret+AC0-bougie+AC0-parfumee+AC0-vert+AC0-pina+AC0-colada+ADs-+ADs-+ADs-1+ADs-+ADs-2016+AC0-04+AC0-18+ADs-1+ADs-+ADs-0+ADs-Hauteur:90,Diam+AOg-tre:75,Poids:390,Dur+AOk-e de combustion:40 heures,Collection:Escale Tropicale,Parfum:Pina Colada,Th+AOg-me:Printemps/Et+AOk- 2016+ADs-0+ADs-+ADs-0+ADs-0+ADs-0+ADs-0+ADs-0+ADs-1
2600618+ADs-1+ADs-Coffret bougie parfum+AOk-e turquoise, 40h, Blue Lagoon+ADs-145,143,142+ADs-20,8+ADs-1+ADs-+ADs-0+ADs-+ADs-+ADs-+ADs-+ADs-2600618+ADs-+ADs-+ADs-+ADs-3023676006180+ADs-+ADs-0+ADs-+ADs-+ADs-+ADs-+ADs-50+ADs-1+ADs-+ADs-+ADs-+ADs-+ADs-+ADs-+ADw-p+AD4-Ouvrez vite le coffret bougie parfum+AOk-e Blue Lagoon rev+AOo-tu de son papier peint aux feuilles tropicales. Au c+AVM-ur d'un verre d+AOk-poli orn+AOk- d'un palmier bleu tendre, se d+AOk-couvre, telle une Ile Cura+AOc-ao, une bougie habit+AOk-e par l'esprit enivrant des mers du Sud.+ADw-br+AD4-Pour les vacances, vous +AOo-tes invit+AOk-s dans une petite cabane de p+AOo-cheur ouverte sur la baie. Pensez +AOA- prendre dans vos bagages cette bougie parfum+AOk-e Blue Lagoon, et ravissez vos h+APQ-tes d+AOg-s votre arriv+AOk-e.+ADw-br+AD4-Ciblez enti+AOg-rement le th+AOg-me du palmier en y joignant la Bonbonni+AOg-re au parfum Tahiti Waves.+ADw-/p+AD4-+ADs-bougie parfum+AOk-e, coffret cadeau, bougies color+AOk-es, parfums tropicaux+ADs-Coffret bougie parfum+AOk-e turquoise +IBM- Blue Lagoon +IBM- La Belle Senteur +AC0- Collection Escale Tropicale+ADs-+ADs-Offrez+AC0-vous un coffret bougie parfum+AOk-e turquoise, au parfum du coktail Blue Lagoon, de la collection Escale Tropicale de Bougies la Fran+AOc-aise pour votre int+AOk-rieur+AKAAIQ-+ADs-coffret+AC0-bougie+AC0-parfumee+AC0-turquoise+AC0-blue+AC0-lagoon+ADs-+ADs-+ADs-1+ADs-+ADs-2016+AC0-04+AC0-18+ADs-1+ADs-+ADs-0+ADs-Hauteur:90,Diam+AOg-tre:75,Poids:390,Dur+AOk-e de combustion:40 heures,Collection:Escale Tropicale,Parfum:Blue Lagoon,Th+AOg-me:Printemps/Et+AOk- 2016+ADs-0+ADs-+ADs-0+ADs-0+ADs-0+ADs-0+ADs-0+ADs-1
2600623+ADs-1+ADs-Bougie Ananas bicolore, 80h, rose/vert+ADs-144,143,142+ADs-26,6+ADs-1+ADs-+ADs-0+ADs-+ADs-+ADs-+ADs-+ADs-2600623+ADs-+ADs-+ADs-+ADs-3023676006234+ADs-+ADs-0+ADs-+ADs-+ADs-+ADs-+ADs-1+ADs-1+ADs-+ADs-+ADs-+ADs-+ADs-+ADs-+ACI-+ADw-p+AD4-Fruit exotique par excellence, ses vertus sont nombreuses et son nom signifie +ACIAIg-parfum des parfums+ACIAIg-. C'est pourquoi la Bougie ananas bicolore rose/vert symbolise toute la sant+AOk-, la vitalit+AOk- et le bien+AC0A6g-tre ressentis lors d'une journ+AOk-e d'+AOk-t+AOk-.+ADw-br+AD4-Et comme les longues soir+AOk-es de la belle saison, sont de v+AOk-ritables moments +AOA- partager, cet accessoire d+AOk-co original sera la mise en lumi+AOg-re de votre th+AOkA4g-tre nocturne.+ADw-br+AD4-Associ+AOk-e +AOA- la bougie surprise Perroquet, elle personnalisera +AOA- coup s+APs-r vos terrasses et jardins.+ADw-br+AD4-Existe aussi en orange/vert et turquoise/vert.+ADw-/p+AD4-+ACI-+ADs-bougie d+AOk-corative, bougie ananas+ADs-Bougie ananas bicolore, 80h, rose/vert +IBM- Tendance Ananas +AC0- Collection Escale Tropicale+ADs-+ADs-En forme d'ananas, cette bougie d+AOk-corative de la nouvelle collection Bougies la Fran+AOc-aise, trouvera sa place dans votre d+AOk-coration int+AOk-rieur. +ADs-bougie+AC0-decorative+AC0-ananas+AC0-rose+AC0-vert+AC0-80h+ADs-+ADs-+ADs-1+ADs-+ADs-2016+AC0-04+AC0-18+ADs-1+ADs-+ADs-0+ADs-Hauteur:230,Diam+AOg-tre:120,Poids:1235,Dur+AOk-e de combustion:80 heures,Collection:Escale Tropicale,Th+AOg-me:Printemps/Et+AOk- 2016+ADs-0+ADs-+ADs-0+ADs-0+ADs-0+ADs-0+ADs-0+ADs-1
2600624+ADs-1+ADs-Bougie Ananas bicolore, 80h, orange/vert+ADs-144,143,142+ADs-26,6+ADs-1+ADs-+ADs-0+ADs-+ADs-+ADs-+ADs-+ADs-2600624+ADs-+ADs-+ADs-+ADs-3023676006241+ADs-+ADs-0+ADs-+ADs-+ADs-+ADs-+ADs-1+ADs-1+ADs-+ADs-+ADs-+ADs-+ADs-+ADs-+ADw-p+AD4-L'ananas, c'est l'+AOk-quilibre entre un feuillage dense et luxuriant et un fruit +AOA- l'ovale presque parfait. La bougie ananas bicolore orange/vert s'inspire de ces proportions et devient un objet de d+AOk-co +AOA- part enti+AOg-re.+ADw-br+AD4-Surmont+AOk-e d'une flamme l+AOk-g+AOg-re, elle balise le chemin vers un bar +AOA- cocktails improvis+AOk- sur une terrasse d'+AOk-t+AOk-.+ADw-br+AD4-Complice de la bougie Fleur Hibiscus, alliez les effets de mati+AOg-res et les richesses de couleurs pour une d+AOk-co d+AOk-tonante.+ADw-br+AD4-Existe aussi en rose/vert, et turquoise/vert.+ADw-/p+AD4-+ADs-bougie d+AOk-corative, bougie ananas+ADs-Bougie ananas bicolore, 80h, orange/vert +IBM- Tendance Ananas +AC0- Collection Escale Tropicale+ADs-+ADs-Offrez+AC0-vous une bougie d+AOk-corative au format tellement tendance+AKA-: l'ananas+AKAAIQ- Et revoyez votre d+AOk-coration int+AOk-rieure avec Bougies la Fran+AOc-aise.+ADs-bougie+AC0-decorative+AC0-ananas+AC0-orange+AC0-vert+AC0-80h+ADs-+ADs-+ADs-1+ADs-+ADs-2016+AC0-04+AC0-18+ADs-1+ADs-+ADs-0+ADs-Hauteur:230,Diam+AOg-tre:120,Poids:1235,Dur+AOk-e de combustion:80 heures,Collection:Escale Tropicale,Th+AOg-me:Printemps/Et+AOk- 2016+ADs-0+ADs-+ADs-0+ADs-0+ADs-0+ADs-0+ADs-0+ADs-1
2600625+ADs-1+ADs-Bougie Ananas bicolore, 80h, turquoise/vert+ADs-144,143,142+ADs-26,6+ADs-1+ADs-+ADs-0+ADs-+ADs-+ADs-+ADs-+ADs-2600625+ADs-+ADs-+ADs-+ADs-3023676006258+ADs-+ADs-0+ADs-+ADs-+ADs-+ADs-+ADs-10+ADs-1+ADs-+ADs-+ADs-+ADs-+ADs-+ADs-+ADw-p+AD4-Avec sa forme +AOA- l'ovale g+AOk-n+AOk-reux, habill+AOk- d'+AOk-cailles aux motifs hexagonaux, ses feuilles stylis+AOk-es finement cisel+AOk-es, la bougie ananas bicolore turquoise/vert ressemble +AOA- un flacon de parfum luxueux, r+AOk-tro ou vintage. Cela en fait un accessoire d+AOk-co intemporel.+ADw-br+AD4-Depuis une chaise longue en rotin tress+AOk-e, contemplez sa flemme l+AOk-g+AOg-re se refl+AOk-ter dans un miroir soleil... tout l'esprit fifties est l+AOA-.+ADw-br+AD4-Elle se mariera alors volontiers +AOA- la Bougie Surprise Perroquet pour obtenir une belle harmonie color+AOk-e.+ADw-br+AD4-Existe aussi en orange/vert, et rose/vert.+ADw-/p+AD4-+ADs-bougie d+AOk-corative, bougie ananas+ADs-Bougie ananas bicolore, 80h, turquoise/vert +IBM- Tendance Ananas +AC0- Collection Escale Tropicale+ADs-+ADs-Offrez+AC0-vous une bougie d+AOk-corative au format tellement tendance+AKA-: l'ananas+AKAAIQ- Avec ses couleurs turquoise et vert, vous pouvez changez votre d+AOk-coration int+AOk-rieure+AKAAIQ-+ADs-bougie+AC0-decorative+AC0-ananas+AC0-turquoise+AC0-vert+AC0-80h+ADs-+ADs-+ADs-1+ADs-+ADs-2016+AC0-04+AC0-18+ADs-1+ADs-+ADs-0+ADs-Hauteur:230,Diam+AOg-tre:120,Poids:1235,Dur+AOk-e de combustion:80 heures,Collection:Escale Tropicale,Th+AOg-me:Printemps/Et+AOk- 2016+ADs-0+ADs-+ADs-0+ADs-0+ADs-0+ADs-0+ADs-0+ADs-1
2600620+ADs-1+ADs-Bougie Ananas bicolore, 60h, rose/vert+ADs-144,143,142+ADs-15,92+ADs-1+ADs-+ADs-0+ADs-+ADs-+ADs-+ADs-+ADs-2600620+ADs-+ADs-+ADs-+ADs-3023676006203+ADs-+ADs-0+ADs-+ADs-+ADs-+ADs-+ADs-1+ADs-1+ADs-+ADs-+ADs-+ADs-+ADs-+ADs-+ACI-+ADw-p+AD4-Ananas signifie +ACIAIg-parfum des parfums+ACIAIg-. Alors quoi de mieux qu'une Bougie ananas bicolore rose/vert pour enrichir une d+AOk-co d'+AOk-t+AOk-, lui donner une touche de vitalit+AOk- lumineuse et un cachet original, parce que c'est l+AOA- tout ce qu'on recherche +AOA- la belle saison.+ADw-br+AD4-Glissez+AC0-l+AOA- parmi une coupe de vrais fruits juteux, pour un touche d'humour en +ACIAIg-trompe l'+AVM-il+ACIAIg- qui amusera certainement vos convives.+ADw-br+AD4-Multipliez l'effet +ACIAIg-nature+ACIAIg- en y mariant une bougie Fleur Hibiscus, et obtenez un v+AOk-ritable jardin de table.+ADw-br+AD4-Existe aussi en bougie ananas orange/vert, et turquoise/vert.+ADw-/p+AD4-+ACI-+ADs-bougie d+AOk-corative, bougie ananas+ADs-Bougie ananas bicolore, 60h, rose/vert +IBM- Tendance Ananas +AC0- Collection Escale Tropicale+ADs-+ADs-Offrez+AC0-vous une bougie d+AOk-corative au format tellement tendance+AKA-: l'ananas+AKAAIQ- Avec ses couleurs rose et vert, vous pouvez changez votre d+AOk-coration int+AOk-rieure+AKAAIQ-+ADs-bougie+AC0-decorative+AC0-ananas+AC0-rose+AC0-vert+AC0-60h+ADs-+ADs-+ADs-1+ADs-+ADs-2016+AC0-04+AC0-18+ADs-1+ADs-+ADs-0+ADs-Hauteur:160,Diam+AOg-tre:92,Poids:540,Dur+AOk-e de combustion:60 heures,Collection:Escale Tropicale,Th+AOg-me:Printemps/Et+AOk- 2016+ADs-0+ADs-+ADs-0+ADs-0+ADs-0+ADs-0+ADs-0+ADs-1
2600621+ADs-1+ADs-Bougie Ananas bicolore, 60h, orange/vert+ADs-144,143,142+ADs-15,92+ADs-1+ADs-+ADs-0+ADs-+ADs-+ADs-+ADs-+ADs-2600621+ADs-+ADs-+ADs-+ADs-3023676006210+ADs-+ADs-0+ADs-+ADs-+ADs-+ADs-+ADs-1+ADs-1+ADs-+ADs-+ADs-+ADs-+ADs-+ADs-+ADw-p+AD4-Cette bougie ananas bicolore orange/vert, joliment dessin+AOk-e et stylis+AOk-e, rassemble la chair orange soleil et la feuille vert naturel en un accessoire d+AOk-coratif : en solo sur une console, ou en collection color+AOk-e comme dans une grande coupe de fruits d'+AOk-t+AOk-.+ADw-br+AD4-Allum+AOk-es par trois +AOA- la nuit tomb+AOk-e, alors que s'improvise un buffet entre voisins, elles formeront un chemin de table qu'on ne se lassera pas d'arpenter.+ADw-br+AD4-Intercalez quelques mod+AOg-les de la bougie Surprise Perroquet, pour que dure la nuit la plus courte.+ADw-br+AD4-Existe aussi en rose/vert, et turquoise/vert.+ADw-/p+AD4-+ADs-bougie d+AOk-corative, bougie ananas+ADs-Bougie ananas bicolore, 60h, orange/vert +IBM- Tendance Ananas +AC0- Collection Escale Tropicale+ADs-+ADs-D+AOk-couvrez la bougie d+AOk-corative ananas orange et verte de la collection Escale Tropicale de Bougies la Fran+AOc-aise et d+AOk-corez votre int+AOk-rieur d'un style tropical+AKAAIQ-+ADs-bougie+AC0-decorative+AC0-ananas+AC0-orange+AC0-vert+AC0-60h+ADs-+ADs-+ADs-1+ADs-+ADs-2016+AC0-04+AC0-18+ADs-1+ADs-+ADs-0+ADs-Hauteur:160,Diam+AOg-tre:92,Poids:540,Dur+AOk-e de combustion:60 heures,Collection:Escale Tropicale,Th+AOg-me:Printemps/Et+AOk- 2016+ADs-0+ADs-+ADs-0+ADs-0+ADs-0+ADs-0+ADs-0+ADs-1
2600622+ADs-1+ADs-Bougie Ananas bicolore, 60h, turquoise/vert+ADs-144,143,142+ADs-15,92+ADs-1+ADs-+ADs-0+ADs-+ADs-+ADs-+ADs-+ADs-2600622+ADs-+ADs-+ADs-+ADs-3023676006227+ADs-+ADs-0+ADs-+ADs-+ADs-+ADs-+ADs-1+ADs-1+ADs-+ADs-+ADs-+ADs-+ADs-+ADs-+ADw-p+AD4-Suivant la jolie courbe d'un flacon de parfum r+AOk-tro, la bougie ananas bicolore turquoise/vert tons doux et frais, se glisse dans votre d+AOk-co de vacances, illumine un patio de caillebottis et conf+AOg-re +AOA- l'atmosph+AOg-re prometteuse de la tomb+AOk-e de la nuit, une irr+AOk-sistible touche d'exotisme.+ADw-br+AD4-Quoi de mieux que ces petites balises lumineuses aux couleurs aquatiques pour vous guider vers un bain de minuit dans une piscine lagon turquoise...+ADw-br+AD4-Coordonnez avec la Bougie Fleur Hibiscus pour un effet spa 5 +AOk-toiles.+ADw-br+AD4-Existe aussi en orange/vert, et rose/vert.+ADw-/p+AD4-+ADs-bougie d+AOk-corative, bougie ananas+ADs-Bougie ananas bicolore, 60h, turquoise/vert +IBM- Tendance Ananas +AC0- Collection Escale Tropicale+ADs-+ADs-Offrez+AC0-vous une bougie d+AOk-corative ananas bicolore, turquoise et verte, de la collection Escale Tropicale de Bougies la Fran+AOc-aise pour votre int+AOk-rieur+AKAAIQ-+ADs-bougie+AC0-decorative+AC0-ananas+AC0-turquoise+AC0-vert+AC0-60h+ADs-+ADs-+ADs-1+ADs-+ADs-2016+AC0-04+AC0-18+ADs-1+ADs-+ADs-0+ADs-Hauteur:160,Diam+AOg-tre:92,Poids:540,Dur+AOk-e de combustion:60 heures,Collection:Escale Tropicale,Th+AOg-me:Printemps/Et+AOk- 2016+ADs-0+ADs-+ADs-0+ADs-0+ADs-0+ADs-0+ADs-0+ADs-1
2600660+ADs-1+ADs-Bougie d+AOk-corative Perroquet, 25h, rose+ADs-144,143,142+ADs-8,3+ADs-1+ADs-+ADs-0+ADs-+ADs-+ADs-+ADs-+ADs-2600660+ADs-+ADs-+ADs-+ADs-3023676006609+ADs-+ADs-0+ADs-+ADs-+ADs-+ADs-+ADs-10+ADs-1+ADs-+ADs-+ADs-+ADs-+ADs-+ADs-+ACI-+ADw-p+AD4-A la belle saison, les esprits s'ouvrent +AOA- l'exotisme et les int+AOk-rieurs +AOA- une d+AOk-co tropicale. Le moment id+AOk-al pour inviter la bougie d+AOk-corative perroquet rose +AOA- pointer le bout de son bec sur un coin de table basse, et pour changer de latitude le temps d'une soir+AOk-e.+ADw-br+AD4-On craque pour sa forme arrondie de petit oiseau tomb+AOk- du nid, sa teinte bonbon tendre, et sa petit +ACIAIg-m+AOg-che blanche+ACIAIg- qu'on allume au couchant.+ADw-br+AD4-Harmonis+AOk- +AOA- la gamme Bougie Ananas Bicolore, il fait d'un balcon de centre+AC0-ville un mini jardin des +AO4-les.+ADw-br+AD4-Existe aussi en turquoise, et orange.+ADw-/p+AD4-+ACI-+ADs-bougie d+AOk-corative, bougie perroquet, escale tropicale+ADs-Bougie d+AOk-corative perroquet rose +IBM- Tendance Ananas +AC0- Collection Escale Tropicale+ADs-+ADs-D+AOk-couvrez la bougie d+AOk-corative +AOA- la forme d'un joli perroquet rose de la collection Escale Tropicale de Bougies la Fran+AOc-aise et illuminez votre int+AOk-rieur.+ADs-bougie+AC0-decorative+AC0-perroquet+AC0-rose+AC0-25h+ADs-+ADs-+ADs-1+ADs-+ADs-2016+AC0-04+AC0-18+ADs-1+ADs-+ADs-0+ADs-Hauteur:83,Diam+AOg-tre:85,Poids:205,Dur+AOk-e de combustion:25 heures,Collection:Escale Tropicale,Th+AOg-me:Printemps/Et+AOk- 2016+ADs-0+ADs-+ADs-0+ADs-0+ADs-0+ADs-0+ADs-0+ADs-1
2600662+ADs-1+ADs-Bougie d+AOk-corative Perroquet, 25h, orange+ADs-144,143,142+ADs-8,3+ADs-1+ADs-+ADs-0+ADs-+ADs-+ADs-+ADs-+ADs-2600662+ADs-+ADs-+ADs-+ADs-3023676006623+ADs-+ADs-0+ADs-+ADs-+ADs-+ADs-+ADs-10+ADs-1+ADs-+ADs-+ADs-+ADs-+ADs-+ADs-+ADw-p+AD4-Laisser l'exotisme envahir vos esprits de r+AOo-ves tropicaux et votre int+AOk-rieur d'objets insolites. La bougie d+AOk-corative perroquet orange pose son plumage color+AOk- dans le feuillage de votre d+AOk-co de jardin et donne +AOA- vos soir+AOk-es un cachet +AOk-quatorial.+ADw-br+AD4-Avec son allure d'agrume bien m+APs-r, cette bougie une fois allum+AOk-e semble d+AOk-gager toute l'+AOk-nergie de l'astre au z+AOk-nith, et devient alors votre soleil de nuit.+ADw-br+AD4-Alli+AOk- +AOA- la Bougie Fleur Hibiscus, ce petit volatil sera parfaitement dans son +AOk-l+AOk-ment.+ADw-br+AD4-Existe aussi en turquoise, et rose.+ADw-/p+AD4-+ADs-bougie d+AOk-corative, bougie perroquet, escale tropicale+ADs-Bougie d+AOk-corative perroquet orange +IBM- Tendance Ananas +AC0- Collection Escale Tropicale+ADs-+ADs-En forme de perroquet, cette bougie d+AOk-corative de la nouvelle collection Bougies la Fran+AOc-aise, trouvera sa place dans votre d+AOk-coration int+AOk-rieur. +ADs-bougie+AC0-decorative+AC0-perroquet+AC0-orange+AC0-25h+ADs-+ADs-+ADs-1+ADs-+ADs-2016+AC0-04+AC0-18+ADs-1+ADs-+ADs-0+ADs-Hauteur:83,Diam+AOg-tre:85,Poids:205,Dur+AOk-e de combustion:25 heures,Collection:Escale Tropicale,Th+AOg-me:Printemps/Et+AOk- 2016+ADs-0+ADs-+ADs-0+ADs-0+ADs-0+ADs-0+ADs-0+ADs-1
2600663+ADs-1+ADs-Bougie d+AOk-corative Perroquet, 25h, turquoise+ADs-144,143,142+ADs-8,3+ADs-1+ADs-+ADs-0+ADs-+ADs-+ADs-+ADs-+ADs-2600663+ADs-+ADs-+ADs-+ADs-3023676006630+ADs-+ADs-0+ADs-+ADs-+ADs-+ADs-+ADs-1+ADs-1+ADs-+ADs-+ADs-+ADs-+ADs-+ADs-+ADw-p+AD4-Grands aras solitaires ou ins+AOk-parables, il est de bon ton d'avoir dans son salon ce fameux oiseau acrobate, bavard et color+AOk-. Alors la bougie d+AOk-corative perroquet turquoise, tout droit sortie de vos bagages d'explorateurs, assurera la touche d'exotisme de vos soir+AOk-es de vacances.+ADw-br+AD4-Les teintes aquatiques, vert d'eau, lagon turquoise, sont l'une des grandes tendances d+AOk-co de l'+AOk-t+AOk-. Elles apportent douceur, fra+AO4-cheur et apaisement quand les temp+AOk-ratures se font plus cl+AOk-mentes.+ADw-br+AD4-Associez +AOA- la bougie Ananas Bicolore Turquoise/Vert, pour un effet ton sur ton assur+AOk-.+ADw-br+AD4-Existe aussi en orange, et rose.+ADw-/p+AD4-+ADs-bougie d+AOk-corative, bougie perroquet, escale tropicale+ADs-Bougie d+AOk-corative perroquet turquoise +IBM- Tendance Ananas +AC0- Collection Escale Tropicale+ADs-+ADs-Offrez+AC0-vous une bougie d+AOk-corative en forme de perroquet de la collection Escale Tropicale de Bougies la Fran+AOc-aise pour votre int+AOk-rieur+AKAAIQ-+ADs-bougie+AC0-decorative+AC0-perroquet+AC0-turquoise+AC0-25h+ADs-+ADs-+ADs-1+ADs-+ADs-2016+AC0-04+AC0-18+ADs-1+ADs-+ADs-0+ADs-Hauteur:83,Diam+AOg-tre:85,Poids:205,Dur+AOk-e de combustion:25 heures,Collection:Escale Tropicale,Th+AOg-me:Printemps/Et+AOk- 2016+ADs-0+ADs-+ADs-0+ADs-0+ADs-0+ADs-0+ADs-0+ADs-1
2600636+ADs-1+ADs-Bougie d+AOk-corative, silhouette ananas, 45h+ADs-144,143,142+ADs-20,8+ADs-1+ADs-+ADs-0+ADs-+ADs-+ADs-+ADs-+ADs-2600636+ADs-+ADs-+ADs-+ADs-3023676006364+ADs-+ADs-0+ADs-+ADs-+ADs-+ADs-+ADs-10+ADs-1+ADs-+ADs-+ADs-+ADs-+ADs-+ADs-+ACI-+ADw-p+AD4-Pour une belle +ACIAIg-Summer Party+ACIAIg-, arborez, telle une enseigne d'un motel fifties de la C+APQ-te Ouest, le profile de cette bougie d+AOk-corative +AOA- la silhouette ananas. On dirait une sucette g+AOk-ante au go+APs-t candy+AC0-fraise dont le look ravira vos convives un brin +ACIAIg-girly+ACIAIg-.+ADw-br+AD4-Accessoire d+AOk-co unique et irrempla+AOc-able, c'est la bougie qui rassemble et concentre les +AOk-nergies de la nuit. Et sa petite flamme va briller longtemps dans les yeux des filles.+ADw-br+AD4-Alli+AOk-e +AOA- la bougie cylindre +AOA- motif fleurs pour une lumi+AOg-re plus intense, on trouverait presque la nuit trop courte +ACEAPA-/p+AD4-+ACI-+ADs-bougie d+AOk-corative, bougie ananas+ADs-Bougie d+AOk-corative silhouette ananas +IBM- Tendance Ananas +AC0- Collection Escale Tropicale+ADs-+ADs-En forme d'ananas, cette bougie d+AOk-corative de la nouvelle collection Bougies la Fran+AOc-aise, illuminera votre int+AOk-rieur+AKAAIQ-+ADs-bougie+AC0-decorative+AC0-silhouette+AC0-ananas+AC0-45h+ADs-+ADs-+ADs-1+ADs-+ADs-2016+AC0-04+AC0-18+ADs-1+ADs-+ADs-0+ADs-Hauteur:200,Diam+AOg-tre:45,Poids:650,Dur+AOk-e de combustion:45 heures,Collection:Escale Tropicale,Th+AOg-me:Printemps/Et+AOk- 2016+ADs-0+ADs-+ADs-0+ADs-0+ADs-0+ADs-0+ADs-0+ADs-1
2600631+ADs-1+ADs-Bougie d+AOk-corative, fleur hibiscus, 10h, rose+ADs-144,143,142+ADs-8,25+ADs-1+ADs-+ADs-0+ADs-+ADs-+ADs-+ADs-+ADs-2600631+ADs-+ADs-+ADs-+ADs-3023676006319+ADs-+ADs-0+ADs-+ADs-+ADs-+ADs-+ADs-1+ADs-1+ADs-+ADs-+ADs-+ADs-+ADs-+ADs-+ADw-p+AD4-Imaginez un bain d'eau de rose sur lequel flotteraient des p+AOk-tales de fleurs d'hibiscus... C'est cette atmosph+AOg-re visuelle et olfactive que la Bougie fleur hibiscus rose vous r+AOk-serve lorsqu'une fois allum+AOk-e, elle d+AOk-corera les abords de votre piscine pour une derni+AOg-re baignade nocturne.+ADw-br+AD4-Osez le ton sur ton en disposant ces bougies fleurs roses sur une nappe de la m+AOo-me couleur, pour un effet +AKsAoA-drap+AOk- en relief+AKAAuw- tr+AOg-s original.+ADw-br+AD4-Le th+AOg-me de la soir+AOk-e est +AKsAoA-Summer girly+AKA-party+ALsAoA-? Alors rajoutez sans attendre la Bougie ananas silhouette.+ADw-br+AD4-Existe aussi en orange, vert et turquoise.+ADw-/p+AD4-+ADs-bougie d+AOk-corative, bougie fleur, bougie fleur hibiscus+ADs-Bougie d+AOk-corative fleur hibiscus, rose +IBM- Tendance Ananas +AC0- Collection Escale Tropicale+ADs-+ADs-En forme de fleur tropicale, la bougie d+AOk-corative fleur d'hibiscus de la collection Escale Tropicale illuminera vos tables d'+AOk-t+AOk-.+ADs-bougie+AC0-decorative+AC0-fleur+AC0-hibiscus+AC0-10h+AC0-rose+ADs-+ADs-+ADs-1+ADs-+ADs-2016+AC0-04+AC0-18+ADs-1+ADs-+ADs-0+ADs-Hauteur:50,Diam+AOg-tre:100,Poids:100,Dur+AOk-e de combustion:10 heures,Collection:Escale Tropicale,Th+AOg-me:Printemps/Et+AOk- 2016+ADs-0+ADs-+ADs-0+ADs-0+ADs-0+ADs-0+ADs-0+ADs-1
2600633+ADs-1+ADs-Bougie d+AOk-corative, fleur hibiscus, 10h, orange+ADs-144,143,142+ADs-8,25+ADs-1+ADs-+ADs-0+ADs-+ADs-+ADs-+ADs-+ADs-2600633+ADs-+ADs-+ADs-+ADs-3023676006333+ADs-+ADs-0+ADs-+ADs-+ADs-+ADs-+ADs-1+ADs-1+ADs-+ADs-+ADs-+ADs-+ADs-+ADs-+ADw-p+AD4-Parce qu'elle est de la couleur du soleil au couchant, de la peau qui se dore, des fruits vitamin+AOk-s, la Bougie fleur hibiscus orange et son effluve des +AO4-les, est l'accessoire que l'on pars+AOg-me +AOA- tout vent chaud dans son salon grand ouvert, son patio ombrag+AOk- ou sa terrasse avec vue sur mer.+ADw-br+AD4-Misez sur les couleurs compl+AOk-mentaires, en d+AOk-posant ses p+AOk-tales, comme des quartiers d+IBk-orange, sur une nappe +AOA- motifs de jungle luxuriante.+ADw-br+AD4-Et pour compl+AOk-ter l+IBk-effet +AKsAoA-collection escale tropicale+AKAAuw-, associez cette bougie fleur au Pot de peinture +AOA- la citronnelle.+ADw-br+AD4-Existe aussi en rose, vert et turquoise.+ADw-/p+AD4-+ADs-bougie d+AOk-corative, bougie fleur, bougie fleur hibiscus+ADs-Bougie d+AOk-corative fleur hibiscus, orange +IBM- Tendance Ananas +AC0- Collection Escale Tropicale+ADs-+ADs-En forme de fleur tropicale, la bougie d+AOk-corative fleur d'hibiscus orange de la collection Escale Tropicale illuminera vos tables d'+AOk-t+AOk-.+ADs-bougie+AC0-decorative+AC0-fleur+AC0-hibiscus+AC0-10h+AC0-orange+ADs-+ADs-+ADs-1+ADs-+ADs-2016+AC0-04+AC0-18+ADs-1+ADs-+ADs-0+ADs-Hauteur:50,Diam+AOg-tre:100,Poids:100,Dur+AOk-e de combustion:10 heures,Collection:Escale Tropicale,Th+AOg-me:Printemps/Et+AOk- 2016+ADs-0+ADs-+ADs-0+ADs-0+ADs-0+ADs-0+ADs-0+ADs-1
2600634+ADs-1+ADs-Bougie d+AOk-corative, fleur hibiscus, 10h, turquoise+ADs-144,143,142+ADs-8,25+ADs-1+ADs-+ADs-0+ADs-+ADs-+ADs-+ADs-+ADs-2600634+ADs-+ADs-+ADs-+ADs-3023676006340+ADs-+ADs-0+ADs-+ADs-+ADs-+ADs-+ADs-1+ADs-1+ADs-+ADs-+ADs-+ADs-+ADs-+ADs-+ACI-+ADw-p+AD4-Sous sa robe de gla+AOc-on bonbon clair, la Bougie fleur hibiscus turquoise, une fois allum+AOk-e, d+AOk-voile son c+AVM-ur de lumi+AOg-re odorante. Disposez dans votre jardin d'+AOk-t+AOk-, ces petites +ACIAIg-lucioles+ACIAIg- bienveillantes qui vous indiqueront le plus court chemin vers des latitudes tropicales.+ADw-br+AD4-Pensez +AOA- disposer les bougies hibiscus tout autour d+IBk-un vase o+APk- tr+APQ-nerait un bouquet de fleurs fraichement cueillies, effet +AKsAoA-power flower+AKAAuw- garanti+AKAAIQA8-br+AD4-Pour confirmer l+IBk-esprit +AKsAoA-le jardin entre dans la maison+AKAAuw-, disposez ces bougies fleurs autour d+IBk-une bougie pot de fleur +AOA- la citronnelle.+ADw-br+AD4-Existe aussi en rose, vert et orange.+ADw-/p+AD4-+ACI-+ADs-bougie d+AOk-corative, bougie fleur, bougie fleur hibiscus+ADs-Bougie d+AOk-corative fleur hibiscus, turquoise +IBM- Tendance Ananas +AC0- Collection Escale Tropicale+ADs-+ADs-Offrez+AC0-vous une bougie d+AOk-corative en forme de fleur tropicale+AKA-: la fleur d'hibiscus+AKAAIQ- Avec sa couleur turquoise, vous pouvez changez votre d+AOk-coration int+AOk-rieure+AKAAIQ-+ADs-bougie+AC0-decorative+AC0-fleur+AC0-hibiscus+AC0-10h+AC0-turquoise+ADs-+ADs-+ADs-1+ADs-+ADs-2016+AC0-04+AC0-11+ADs-1+ADs-+ADs-0+ADs-Hauteur:50,Diam+AOg-tre:100,Poids:100,Dur+AOk-e de combustion:10 heures,Collection:Escale Tropicale,Th+AOg-me:Printemps/Et+AOk- 2016+ADs-0+ADs-+ADs-0+ADs-0+ADs-0+ADs-0+ADs-0+ADs-1
2600632+ADs-1+ADs-Bougie d+AOk-corative, fleur hibiscus, 10h, vert+ADs-144,143,142+ADs-8,25+ADs-1+ADs-+ADs-0+ADs-+ADs-+ADs-+ADs-+ADs-2600632+ADs-+ADs-+ADs-+ADs-3023676006319+ADs-+ADs-0+ADs-+ADs-+ADs-+ADs-+ADs-1+ADs-1+ADs-+ADs-+ADs-+ADs-+ADs-+ADs-+ADw-p+AD4-Allumez quelques exemplaires de la Bougie fleur hibiscus vert, disposez les sur une nappe aux tons aquatiques, et telles des fleurs de n+AOk-nuphars qui glisseraient sur l'onde +AOA- la tomb+AOk-e de la nuit, elle vous transportera vers un lagon lointain au vapeurs paradisiaques.+ADw-br+AD4-Discr+AOg-te, cette bougie prend place parmi votre service de table pour une touche de nature +AOA- votre menu d+IBkA6Q-t+AOk-.+ADw-br+AD4-Alli+AOk-e +AOA- la Bougie cylindrique avec des motifs +AOA- fleurs vert, elle sera le cachet Bio de votre d+AOk-co d+IBk-ext+AOk-rieur.+ADw-br+AD4-Existe aussi en rose, orange et turquoise.+ADw-/p+AD4-+ADs-bougie d+AOk-corative, bougie fleur, bougie fleur hibiscus+ADs-Bougie d+AOk-corative fleur hibiscus, verte +IBM- Tendance Ananas +AC0- Collection Escale Tropicale+ADs-+ADs-Offrez+AC0-vous une bougie d+AOk-corative en forme de fleur tropicale+AKA-: la fleur d'hibiscus+AKAAIQ- Avec sa couleur verte, vous pouvez changez votre d+AOk-coration int+AOk-rieure+AKAAIQ-+ADs-bougie+AC0-decorative+AC0-fleur+AC0-hibiscus+AC0-10h+AC0-vert+ADs-+ADs-+ADs-1+ADs-+ADs-2016+AC0-04+AC0-11+ADs-1+ADs-+ADs-0+ADs-Hauteur:50,Diam+AOg-tre:100,Poids:100,Dur+AOk-e de combustion:10 heures,Collection:Escale Tropicale,Th+AOg-me:Printemps/Et+AOk- 2016+ADs-0+ADs-+ADs-0+ADs-0+ADs-0+ADs-0+ADs-0+ADs-1
2600630+ADs-1+ADs-Bougie cylindrique, motif fleurs, 70h, turquoise+ADs-144,143,142+ADs-15,92+ADs-1+ADs-+ADs-0+ADs-+ADs-+ADs-+ADs-+ADs-2600630+ADs-+ADs-+ADs-+ADs-3023676006289+ADs-+ADs-0+ADs-+ADs-+ADs-+ADs-+ADs-1+ADs-1+ADs-+ADs-+ADs-+ADs-+ADs-+ADs-+ADw-p+AD4-Sur sa silhouette authentique de cierge blanc cylindrique, la bougie motif fleurs turquoise s'est drap+AOk-e d'un par+AOk-o de fleurs hawa+AO8-ennes. Les p+AOk-tales finement cisel+AOk-s lui donne ce relief s+AOk-duisant au touch+AOk- et sa flamme vous incite +AOA- r+AOo-ver m+AOo-me +AOk-veill+AOk-.+ADw-br+AD4-On d+AO4-ne sur la plage, une nappe pos+AOk-e +AOA- m+AOo-me le sable, une bougie cylindrique cal+AOk-e +AOA- chaque angle, et la brise du soir peut alors venir rafra+AO4-chir l'atmosph+AOg-re.+ADw-br+AD4-Parsemez ensuite des mod+AOg-les de bougies Fleur Hibiscus pour un pique+AC0-nique paradisiaque.+ADw-br+AD4-Existe aussi en vert.+ADw-/p+AD4-+ADs-bougie d+AOk-corative, bougie fleur, bougie fleur hibiscus+ADs-Bougie cylindrique motif fleurs, turquoise +IBM- Tendance Ananas +AC0- Collection Escale Tropicale+ADs-+ADs-Offrez+AC0-vous une bougie d+AOk-corative cylindrique, drap+AOk-e de motifs +AOA- fleurs, et avec sa couleur turquoise, vous pouvez changez votre d+AOk-coration int+AOk-rieure+AKAAIQ-+ADs-bougie+AC0-decorative+AC0-cylindrique+AC0-fleurs+AC0-turquoise+ADs-+ADs-+ADs-1+ADs-+ADs-2016+AC0-04+AC0-11+ADs-1+ADs-+ADs-0+ADs-Hauteur:130,Diam+AOg-tre:80,Poids:530,Dur+AOk-e de combustion:70 heures,Collection:Escale Tropicale,Th+AOg-me:Printemps/Et+AOk- 2016+ADs-0+ADs-+ADs-0+ADs-0+ADs-0+ADs-0+ADs-0+ADs-1
2600628+ADs-1+ADs-Bougie cylindrique, motif fleurs, 70h, vert+ADs-144,143,142+ADs-15,92+ADs-1+ADs-+ADs-0+ADs-+ADs-+ADs-+ADs-+ADs-2600628+ADs-+ADs-+ADs-+ADs-3023676006289+ADs-+ADs-0+ADs-+ADs-+ADs-+ADs-+ADs-1+ADs-1+ADs-+ADs-+ADs-+ADs-+ADs-+ADs-+ADw-p+AD4-Alliant l'exotisme aux valeurs s+APs-res, la Bougie cylindrique, motif fleurs, de couleur verte, dont la ligne classique rappelle des cierges blancs cylindriques de la Collection Art et Mati+AOg-re, s'est gliss+AOk-e dans une v+AOk-g+AOk-tation luxuriante et s'+AOk-rige en bouquet de fleurs tropicales.+ADw-br+AD4-Cet accessoire d+AOk-co s'int+AOg-gre et se fond  au sein de votre jardin en pot, assurant la transition entre int+AOk-rieur du jour et ext+AOk-rieur du soir.+ADw-br+AD4-A sa forme oblongue, il est amusant de lui adjoindre la rondeur de la gamme Bougie surprise perroquet boule.+ADw-br+AD4-Existe aussi en turquoise.+ADw-/p+AD4-+ADs-bougie d+AOk-corative, bougie fleur, bougie fleur hibiscus+ADs-Bougie cylindrique motif fleurs, vert +IBM- Tendance Ananas +AC0- Collection Escale Tropicale+ADs-+ADs-Offrez+AC0-vous une bougie d+AOk-corative cylindrique, drap+AOk-e de motifs +AOA- fleurs, et avec sa couleur verte, vous pouvez changez votre d+AOk-coration int+AOk-rieure+AKAAIQ-+ADs-Bougie+AC0-decorative+AC0-cylindrique+AC0-fleurs+AC0-verte+ADs-+ADs-+ADs-1+ADs-+ADs-2016+AC0-04+AC0-11+ADs-1+ADs-+ADs-0+ADs-Hauteur:130,Diam+AOg-tre:80,Poids:530,Dur+AOk-e de combustion:70 heures,Collection:Escale Tropicale,Th+AOg-me:Printemps/Et+AOk- 2016+ADs-0+ADs-+ADs-0+ADs-0+ADs-0+ADs-0+ADs-0+ADs-1
