"ID";"Active (0/1)";"Name *";"Parent category";"Catégorie racine (0/1)";"Description";"Meta title";"Meta keywords";"Meta description";"URL rewritten"
"1";"1";"Root";"NULL";"1";;;;;"root"
"2";"1";"Accueil";"1";"0";;;;;"home"
"3";"1";"Toutes nos collections";"2";"0";;"Toutes nos collections de bougies";;"Retrouvez toutes nos collections de bougies parfumées et bougies décoratives.";"toutes-nos-collections"
"4";"1";"Thèmes et cadeaux";"2";"0";;"Thèmes et cadeaux";"bougie cadeau,bougie parfumée,coffret parfumé,bougie anniversaire";"Toutes nos bougies parfumées et décoratives par thèmes et par idées cadeaux. ";"themes-et-cadeaux"
"5";"1";"Univers parfumés";"2";"0";;;;;"univers-parfume"
"6";"1";"Univers déco";"2";"0";;"Univers déco";;"Découvrez tout l'univers déco avec l'ensemble de nos bougies de couleur, nos accessoires et nos bougies  recharge.";"univers-deco"
"7";"1";"Offres spéciales";"2";"0";;"Offres spéciales";;"Retrouvez toutes les offres spéciales de Bougies la Française : bougies et accessoires.";"offres-speciales"
"8";"0";"Box cadeaux";"2";"0";;;;;"box-cadeaux"
"9";"0";"Collection Hiver ";"2";"0";"<p>Pour l'hiver 2016, Bougies la Française vous embarque loin de la frénésie de la vie urbaine, vers des contrées sauvages. Bienvenue dans notre songe pour un Noël teinté d'esprit Trappeur ! Vous rêviez de refuge douillet et nid chaleureux, nous vous invitons à pousser la porte...</p>";"Collection Automne/Hiver 2016 de Bougies la Française ";"collection automne,collection hiver,collection 2016,collection Noël,bougie parfumée,bougie décorative,photophore,coffret parfumé";"Découvrez la collection de bougies parfumées et décoratives Automne/Hiver 2016 de Bougies la Française.";"Collection-hiver"
"11";"1";"Charme";"3";"0";"<p>Parfums à histoires, et mots calligraphiés... Nos <strong>bougies parfumées et senteurs</strong> apposent la signature d’un charme classique. De la quintessence de parfums millénaires aux effluves du boudoir d'une aïeule coquette, nos <strong>bougies parfumées</strong>, <strong>diffuseurs d’ambiance et vaporisateurs de parfums</strong> dévoilent, dans une palette en demi-teinte, une pointe de féminité… Comme une fleur nouée, brodée à notre passé…</p>
<p><a href=""/content/35-charme"">Découvrir l'ambiance</a></p>";"Bougies parfumées collection Charme";"Charme, bougies et parfums d’ambiance";"Bougies parfumées collection charme - Découvrez notre sélection de bougies pafumées, de vaporisateur de parfum et de diffuseur de parfum de la collection Charme";"charme"
"12";"1";"Quintessence";"11";"0";"<p><span>Une collection aux senteurs intemporelles… </span>Nos <strong>bougies parfumées et parfums d'ambiance</strong> vous offrent toute la quintessence olfactive d’une fragrance ayant traversé les siècles. Aux valeurs symboliques, nos <strong>parfums d’intérieurs</strong> jalonnent l’Histoire et vous accompagnent encore aujourd’hui.</p>
<p><a href=""https://www.bougies-la-francaise.com/content/32-quintessence"">Découvrez l'ambiance</a></p>";"Bougies parfumées collection Quintessence";"Quintessence, bougies, parfums d’ambiance";"Bougies parfumées Quintessence - Découvrez notre sélection de bougies pafumées, de vaporisateur de parfum et de diffuseur de parfums collection Quintessence";"quintessence"
"13";"1";"Boudoir";"11";"0";"<p>Toute la nostalgie de charmes surannés, traduite en une certaine modernité… Sortis de leur écrin, les <strong>bougies et bouquets parfumés</strong> de notre collection Boudoir révèlent les <strong>senteurs poudrées</strong> d'une époque oubliée... Mémoire revisitée d’un cabinet aux senteurs de Cologne, d’une alcôve velours à la poudre de riz, d’une aïeule coquette que l’on appelait rose.</p>
<p><a href=""/content/34-boudoir"">Découvrir l'ambiance</a></p>";"Bougies parfumées collection Boudoir";"Boudoir, bougies et parfums d’ambiance";"Bougies parfumées Boudoir - Découvrez notre sélection de bougies pafumées, de vaporisateur de parfum et de diffuseur de parfums collection Boudoir";"boudoir"
"14";"1";"Elégance";"3";"0";"<p><strong>Raffinement et élégance... </strong> Inspirées de l’architecture sublimée des beaux quartiers, soulignées par la force d’un voyage olfactif à travers les sens, une pointe de dandysme… Nos <strong>bougies parfumées</strong> se dévoilent, plus luxueuses que jamais.</p>
<p><a href=""/content/39-elegance"">Découvrir l'ambiance</a></p>";"Elégance, bougies parfumées de luxe";"Elégance, bougies parfumées de luxe";"Des bougies de luxe, une évasion olfactive… Bougies la Française vous propose de découvrir une collection de bougies parfumées design, empreintes d’élégance.";"elegance"
"15";"1";"Lounge spirit";"14";"0";"<p>Entre matières nobles et rêves d’évasions, les notes olfactives de nos <strong>bougies parfumées de luxe</strong> jouent leurs accords majeurs : <strong>Café-rhum-tabac-cuir-épices</strong>. Un cuir fauve, quelques volutes épicées, un ristretto… <strong>Le sillage emblématique d'un genre masculin…</strong> Lounge par essence.</p>
<p><a href=""/content/40-lounge"">Découvrir l'ambiance</a></p>";"Lounge spirit, bougies parfumées design";"Lounge spirit, bougies parfumées design";"Matières nobles, essences rares, rêves d’évasion… Découvrez notre collection de bougies parfumées de luxe Lounge spirit, par Bougies la Française.";"lounge-spirit"
"16";"1";"Slow time";"14";"0";"<p>Bienvenue dans un <strong>univers féminin, délicat et ressourçant</strong>. Juste le temps d’un <strong>rituel de bien-être</strong>, les binotes s’accordent en alliances transparentes, aériennes, florales ou toniques… Dans une ambiance empreinte de plénitude et de sérénité, <strong>l’eau inspire et habille nos plus belles bougies</strong>.</p>
<p><a href=""/content/47-slowtime"">Découvrir l'ambiance</a></p>";"Slow time, bougies parfumées design";"Slow time, bougies parfumées design";"Des bougies au parfum féminin, délicat et ressourçant… Découvrez notre collection Slow time : bougies parfumées design haut de gamme, par Bougies la Française.";"slow-time"
"17";"1";"Authentique";"3";"0";"<p>Le <strong>style « retro-vintage »</strong> cher à Bougies  la Française joue avec la patine du temps. Colle des écoliers, cire des antiquaires, ou petites madeleines… Les <strong>parfums d’antan</strong> recréent ces instants d’exception. Nos <strong>bougies parfumées</strong> portent en elles cet indéfinissable supplément d’âme ! Un passé réinventé, une tradition sublimée…</p>
<p><a href=""/content/33-authentique"">Découvrir l'ambiance</a></p>";"Authentique, bougies parfumées d’antan";"Authentique, bougies parfumées d’antan";"Découvrez nos senteurs les plus originales. De la colle des écoliers aux petites madeleines, Bougies la Française vous propose des bougies parfumées résolument rétro.";"authentique"
"18";"1";"Comptoir des ciriers";"17";"0";"<p><strong>Allumez la petite flamme du souvenir</strong> : un concentré de rires de lavandières, de cris d’écoliers et d’histoires d’objets rares dans la remise d’un artisan… En s’inspirant des <strong>senteurs authentiques d’antan</strong>, nos <strong>bougies parfumées vintage</strong> dévoilent les trésors d’un passé oublié.</p>
<p><a href=""/content/36-comptoirsdesciriers"">Découvrir l'ambiance</a></p>";"Comptoir des ciriers, bougies parfumées rétro";"Comptoir des ciriers, bougies parfumées rétro";"Découvrez toute notre gamme de bougies Comptoir des ciriers. En s’inspirant des senteurs d’antan, nos bougies parfumées dévoilent les trésors d’un passé oublié…";"comptoir-des-ciriers"
"19";"1";"Confiserie générale";"17";"0";"<p><strong>Souvenirs</strong> du chocolat d’antan pour les jeudis d’hiver, des biscuits dorés pour les sorties au parc, des sucres d’orge et caramels fondants les jours de fête foraine. A travers leurs <strong>parfums d’addictions</strong>, nos <strong>bougies parfumées</strong> vous plongent dans les délices d’une gourmandise tellement régressive…</p>
<p><a href=""/content/37-confiseriegenerale"">Découvrir l'ambiance</a></p>";"Confiserie générale, bougies parfumées gourmandes";"Confiserie générale, bougies parfumées gourmandes";"Des senteurs régressives emplies de gourmandise. Signées Bougies la Française, nos bougies parfumées aux saveurs d’antan vous font retomber en enfance.";"confiserie-generale"
"20";"1";"Naturelle";"3";"0";"<p>La <strong>simplicité</strong> du nom fait la force de l’idée. Nos <strong>bougies naturelles et parfums d’ambiance</strong> sont élaborés avec des matières premières d’<strong>origine végétale</strong>… En respectant son environnement proche, comme celui de la planète, on prend soin de l’autre, de soi, naturellement.</p>
<p><a href=""/content/51-naturelle"">Découvrir l'ambiance</a></p>";"Nature, parfums d’ambiance écologiques";"Nature, parfums d’ambiance écologiques";"Découvrez une collection de parfums d’ambiance placée sous le signe de la Nature : bougies naturelles, bouquets parfumés et sprays d’intérieur, Bougies la Française.";"naturelle"
"21";"1";"La Nature";"20";"0";"<p>« <strong>La Nature</strong> » un baptême de collection qui a toute la force de la simplicité… Des <strong>parfums d'ambiance naturels</strong> en provenance directe de Grasse, des mèches de bougies 100% coton, des emballages en papier recyclé et une <strong>fabrication française</strong> pour une empreinte écologique minorée… <strong>Un retour au bien-être, à l’essentiel</strong>.</p>
<p><a href=""/content/41-nature"">Découvrir l'ambiance</a></p>";"La nature, parfums d’ambiance écologiques";"La nature, parfums d’ambiance écologiques,parfum d'intérieur,bougie naturelle,diffuseur de parfum,diffuseur d'intérieur,diffuseur d'ambiance";"Bougies la Française vous propose une collection de parfums d’ambiance écologiques inspirés de la Nature : bougies naturelles, bouquets parfumés et sprays d’intérieur.";"la-nature"
"22";"1";"Tendance";"3";"0";"<p>La silhouette d’une jolie parisienne se dessine… A la pointe de la mode, notre collection de <strong>bougies Rendez-vous à Paris</strong> s’habille de noir et blanc pour <strong>un look so chic</strong> ! D’une humeur fraîche, pétillante, un tantinet taquine, suivez nos petites égéries pour <strong>une balade olfactive dans le tout Paris !</strong></p>
<p><a href=""/content/55-tendance"">Découvrir l'ambiance</a></p>";"Tendances, bougies parfumées glamour";"Tendances, bougies parfumées glamour";"Découvrez notre collection de bougies parfumée ultra tendance : Paris Mode, un design unique, des senteurs originales, un univers féminin… par Bougies la Française.";"tendance"
"23";"1";"Rendez-vous à Paris";"22";"0";"<p><strong>I love Paris !</strong> Inspirées des codes fashion de la capitale, nos <strong>bougies parfumées</strong> s’habillent d’un trait de crayon qui pétille. Un<strong> coffret girly</strong>, des <strong>fragrances taquines</strong>, <strong>fusantes</strong> ou tout en <strong>gourmandises</strong>… Les « Miss » vous donnent Rendez-vous dans les plus beaux quartiers de Paris !</p>
<p><a href=""/content/42-rendezvousaparis"">Découvir l'ambiance</a></p>";"Rendez-vous à Paris, bougies parfumées fashion";"Rendez-vous à Paris, bougies parfumées fashion";"Bougies la Française vous propose un Rendez-vous olfactif en plein cœur de Paris. Fashion, et originales, nos bougies parfumées seront le cadeau idéal des beautystas.";"rendez-vous-a-paris"
"24";"1";"Signature";"3";"0";"<p>En s’inspirant des <strong>origines du métier de cirier</strong> perpétué par cinq générations, en s’appuyant sur le savoir-faire d’une manufacture reconnue, Bougies la Française fait revivre des produits de traditions… <strong>Cierges, bougies « trouées » et petits accessoires</strong> illustrent tout un héritage… De vrais <strong>trésors oubliés</strong>.</p>
<p><a href=""/content/53-signature"">Découvrir l'ambiance</a></p>";"Signature, bougies et accessoires rétro";"Signature, bougies et accessoires rétro,bougie déco,bougie artisanale,bougie originale";"Cierges, bougies d’antan et accessoires rétro… Bougies la Française s’attache à ses valeurs pour dévoiler l’héritage de trésors oubliés.";"signature"
"25";"1";"La ciergerie";"24";"0";"<p>Bougies la Française s’inspire des boîtes de bougies du siècle dernier, pour relancer <strong>un produit unique et exclusif : la bougie trouée !</strong> Une collection authentique, au style rétro-vintage emblématique de la marque. Parsemez votre intérieur de quelques <strong>cierges traditionnels, bougies et accessoires</strong>, et retrouvez les charmes d’antan.</p>
<p><a href=""/content/49-ciergerie"">Découvrir l'ambiance</a></p>";"La ciergerie, bougies et accessoires d’antan";"La ciergerie, bougies et accessoires d’antan";"Pour les adeptes de la décoration rétro, Bougies la Française s’inspire des cierges, bougies et accessoires d’antan et vous propose une collection au style vintage.";"la-ciergerie"
"26";"1";"Art et matière";"24";"0";"<p>C’est un art de jouer avec les matières, <strong>Bougies la française</strong> en a fait une part de son identité… Envie d’authenticité, laissez s’exprimer ces <strong>bougies décoratives</strong> au caractère bien trempé… Des matières brutes, des finitions aux reflets de la patine du temps…</p>";"Bougies parfumées et décoratives. Art et matière, une collection de bougies authentiques ";"bougie déco,bougie originale,bougie artisanale";"C’est un art de jouer avec les matières, Bougies la française en a fait son identité. Envie d’authenticité, laissez s’exprimer ces bougies décoratives de caractère !";"art-et-matiere"
"27";"1";"Colorama";"3";"0";"<p><strong>I love colors</strong>… Bienvenue dans le grand Colorama. Une palette chromatique élégante, ou fun, girly, flashy ! Dans une symphonie « <strong>pep’s and pop</strong> », intense et très actuelle, nos <strong>bougies décoratives</strong> se jouent sur tous les tons et réveillent toute la maison.</p>
<p><a href=""/content/38-couleurs"">Découvrir l'ambiance</a></p>";"Colorama, bougies décoratives";"Colorama, bougies décoratives";"Une tonalité pastel ou vibrante, une bougie blanche, rose ou bleue. Dans une symphonie de couleurs pop, retrouvez toutes les bougies décoratives, Bougies la Française.";"colorama"
"28";"1";"Bougies décoratives";"27";"0";"<p>Un design unique… Signé Bougies la Française ! Aux formes originales, nos <strong>bougies figuratives</strong> deviennent de véritables <strong>accessoires déco</strong>. Saupoudrées de couleur et d’une pointe d’humour, un tantinet décalées, nos <strong>bougies décoratives</strong> sèmeront une dose de bonne humeur dans tout votre intérieur !</p>
<p><a href=""/content/48-bougiesdeco"">Découvrir l'ambiance</a></p>";"Bougies décoratives - collection Colorama";"Fantaisies, bougies décoratives,bougie déco,bougies artisanales ";"Découvrez toutes nos bougies décoratives, Bougies la Française. Au design unique, nos bougies originales deviennent de véritables atouts pour votre décoration.";"bougies-deco"
"29";"1";"Parfum et fantaisie";"27";"0";"<p>Avec son graphisme élégant et tendance, associant les mosaïques et le réalisme des illustrations, la collection de <strong>bougies parfumées</strong> et <strong>parfums d’ambiance</strong> « Parfum et fantaisie » vous emmène dans un univers olfactif chic et poétique. Une découverte sensorielle de fragrances très nature, autour des fleurs, des fruits, d’un monde végétal sublimé. Des plaisirs quotidiens à offrir ou à s’offrir !</p>";"Parfum et fantaisie";"Parfums et fantaisies";"Bougies parfumées et parfums d’ambiance Parfums et fantaisie - Découvrez notre sélection de bougies parfumées, de diffuseur de parfums Parfum et fantaisie";"parfum-et-fantaisie"
"30";"1";"Table et ambiance";"27";"0";"<p>De votre table de salle à manger à votre console de salon, les bougies s’immiscent dans votre déco… <strong>Flambeaux</strong> ou <strong>classiques</strong>, <strong>rondes</strong> ou <strong>cylindriques</strong>, nos <strong>bougies déco</strong> habillent votre intérieur en journée et tamisent vos plus belles soirées. Vous êtes plutôt couleurs pop ou préférez les teintes neutres ? Découvrez toutes nos <strong>bougies de table et d’ambiance</strong> !</p>
<p><a href=""/content/54-tableetambiance"">Découvrir l'ambiance</a></p>";"Bougies de table et ambiance";"Bougies de table et ambiance,bougies artisanales,bougies colorées,bougies cylindriques,bougie rondes,bougies classiques,bougies déco";"Les bougies de table s’immiscent dans votre déco. Flambeaux ou classiques, rondes ou cylindriques, nos bougies déco tamisent vos soirées. Découvrez toutes nos bougies de table et d’ambiance !";"table-et-ambiance"
"31";"1";"Cadeaux";"4";"0";"<p>Pour un diner chez des amis, son anniversaire ou simplement pour lui dire « je t’aime »… Découvrez notre sélection de <strong>cadeaux parfumés</strong>. Pour elle, pour lui ou pour eux. Choisissez parmi nos plus beaux coffrets de <strong>bougies parfumées</strong> et <strong>senteurs</strong>… Il y a bien une fragrance qui envoûtera l'élu !</p>";"Bougies, diffuseurs, cadeaux parfumés";"Bougies, diffuseurs, cadeaux parfumés";"Découvrez notre sélection de bougies d’anniversaire et cadeaux parfumés. Pour elle, pour lui, pour eux… Nos bougies parfumées sont le cadeau idéal pour toutes les occasions spéciales !";"cadeaux"
"32";"1";"Cadeaux pour elle";"31";"0";"<p>Parce qu’un parfum révèle une personnalité, la <strong>bougie parfumée</strong> devient l’idée cadeau idéale à offrir à vote dulcinée… Et pourquoi pas à votre maman ? Offrez-lui un <strong>bouquet floral</strong>, un <strong>clin d'oeil gourmand</strong> ou une <strong>bougie glamour</strong>. Optez pour la senteur qui charmera ses sens !</p>";"Cadeaux pour elle, bougies, diffuseurs";"Cadeaux pour elle, bougies, diffuseurs";"Vous recherchez le cadeau idéal ? Offrez-lui une bougie parfumée. Senteur florale, gourmande ou  ultra tendance, découvrez nos parfums qui envoûteront vos proches.";"cadeaux-pour-elle"
"33";"1";"Cadeaux pour lui";"31";"0";"<p>Il est moderne et sophistiqué ? Un brin dandy ou plutôt aventurier ? Surprenez- le et éveillez ses sens en lui offrant un <strong>cadeau parfumé</strong>. Personnelle et originale, choisissez la <strong>bougie parfumée</strong> qui le fera craquer !</p>";"Idée cadeau, bougie parfumée, bougie déco";"Idée cadeau, bougie parfumée, bougie déco";"Vous recherchez le cadeau idéal pour son anniversaire ou toute autre occasion particulière ? Faites-le craquer avec une bougie parfumée, signée Bougies la Française.";"cadeaux-pour-lui"
"34";"1";"Occasions spéciales";"4";"0";"<p>Vous souhaitez célébrer votre anniversaire ou habiller votre table de fête ? Découvrez toute notre sélection de <strong>bougies d’anniversaires</strong> et de <strong>bougies décoratives</strong>… Pour que chaque occasion soit tout simplement, un moment d’exception.</p>";"Bougies d’anniversaires, bougies de fête";"Bougies d’anniversaires, bougies de fête";"Bougies la Française vous propose de découvrir toute sa collection de bougies décoratives de fête et bougies d’anniversaire… Pour une décoration de fête !";"occasions-speciales"
"35";"1";"Bougies d'anniversaire";"34";"0";"<p>Que serait une fête d’anniversaire sans bougies ? En <strong>camaïeux de couleurs</strong> bleues pour les garçons, romantiques pour les filles, ou fraîches et acidulées… Nos <strong>bougies d’anniversaires</strong> sublimeront votre gâteau. Il ne vous reste plus qu’à choisir le thème de votre fête. N’oubliez pas de faire un vœu avant de souffler vos <strong>petites bougies</strong> !</p>";"Bougies anniversaire";"Bougies anniversaire";"Des bougies romantiques, fraîches ou acidulées pour décorer votre gâteau… Découvrez notre sélection de bougies d’anniversaires sur bougies-la-francaise.com.";"anniversaire"
"36";"1";"Bougies de fêtes";"34";"0";"<p>Dressez un décor de fêtes avec Bougies la Française ! Pour célébrer votre mariage ou votre soirée de réveillon, nos <strong>bougies décoratives</strong> feront scintiller votre décoration. Découvrez toutes notre sélection de <strong>bougies de fêtes</strong> et trouvez votre inspiration déco… Pour faire de chaque événement, des instants d’exception.</p>";"Bougies de fêtes, flambeaux, chandelles";"Bougies de fêtes, flambeaux, chandelles";"Bougies la Française vous propose de découvrir toute sa collection de bougies décoratives de fête, bougies flambeaux, chandelles… Pour des instants inoubliables !";"bougies-de-fete"
"37";"1";"Tradition";"4";"0";"<p>En s’inspirant des <strong>origines du métier de cirier</strong> perpétué par cinq générations, en s’appuyant sur le savoir-faire d’une manufacture reconnue, Bougies la Française fait revivre des produits de traditions… <strong>Cierges et bougies « trouées »</strong> illustrent tout un héritage… De vrais <strong>trésors oubliés</strong>.</p>";"Bougie décoratives de tradition - Bougies la Française";"bougie tradition,bougie artisanale,bougie décorative";"Bougies la Française fait revivre des produits de traditions avec l'ensemble de ses bougies décoratives. ";"tradition"
"38";"1";"Bougies trouées";"37";"0";"<p>Découvrez une <strong>bougie de tradition</strong>, issue du passé glorieux de Bougies la Française, médaillées lors des expositions de 1924... Rares sont les <strong>produits plus que centenaire</strong>, ayant traversés des décennies, tout en gardant la reconnaissance de leurs spécificités et de leurs <strong>exceptionnelles qualités</strong>...</p>";"Bougies trouées de tradition";"bougie trouée,bougie artisanale,bougie de tradition,bougie vintage,bougie blanche";"Découvrez une bougie de tradition, issue du passé glorieux de Bougies la Française, médaillées lors des expositions de 1924...";"bougies-trouees"
"39";"1";"Bien-être";"4";"0";"<p>Nos <strong>bougies naturelles et parfums d’ambiance</strong> sont conçues avec cette volonté d'<strong>éco-responsabilité</strong>. Dans une conception sans artifice, et enrichie en <strong>huiles essentielles</strong>, notre gamme se nourrit des bienfaits de La Nature pour vous procurer une atmosphère de <strong>sérénité</strong>, source de <strong>bien-être</strong>.</p>";"Bougies et parfums d’ambiance bien-être";"Bougies et parfums d’ambiance bien-être";"Une conception toujours plus proche de la Nature. Bougies la Française vous invité à découvrir : bougies parfumées, bouquets parfumés et sprays d’intérieur naturels.";"bien-etre"
"40";"1";"Gamme La Nature";"39";"0";"<p>Les <strong>bougies parfumées</strong>, <strong>diffuseurs</strong> et <strong>vaporisateurs d’intérieur</strong> de notre collection « La Nature » s’inspire des bienfaits « Organiques »... De <strong>conception naturelle</strong> à base de cire végétale, ou alcool BIO, nos <strong>parfums d’ambiance</strong> vous procurent un incroyable éveil des sens… Un retour à l’essentiel, source de <br />bien-être.</p>";"Bougies et parfums d’ambiance naturels";"Bougies et parfums d’ambiance naturels";"Bougies la Française vous propose une collection de parfums d’ambiance naturels enrichie en huiles essentielles : bougies végétales, bouquets parfumés et sprays d’intérieur.";"gamme-la-nature"
"41";"1";"Bougies parfumées";"5";"0";"<p>Elaborées en collaboration avec les plus grands spécialistes du parfum, nos <strong>bougies parfumées</strong> vous proposent un véritable voyage à travers les sens. Des <strong>senteurs florales</strong> aux <strong>fragrances boisées</strong>, nos <strong>bougies parfumées</strong> libèrent vos émotions. De la Quintessence des matières, à l’élégance des accords, découvrez toute notre collection de <strong>bougies parfumées</strong>...</p>";"Bougies parfumées, fabriquées en France";"Bougies parfumées, fabriquées en France";"Des senteurs florales aux fragrances boisées, nos bougies parfumées libèrent vos émotions. Découvrez toute notre collection de bougies parfumées, et créez un univers olfactif qui vous ressemble !";"bougies-parfumees"
"42";"1";"Bougies gourmandes";"41";"0";"<p>Au parfum irrésistible, <strong>addictif</strong>, nos <strong>bougies gourmandes</strong> vous font vivre de purs moments de caprices. Craquez pour les délicieuses senteurs de vanille, chocolat, caramel, biscuit, macaron ou bonbon… Régalez-vous, nos <strong>bougies parfumées</strong> se dégustent à tout moment de la journée… Et ce n'est pas un péché !</p>";"Bougies parfumées senteur gourmande";"Bougies parfumées senteur gourmande";"Bougie senteur vanille, chocolat, caramel, biscuit ou macaron. Craquez pour le parfum irrésistible de nos bougies parfumées gourmandes, Bougies la Française.";"bougies-gourmandes"
"43";"1";"Bougies florales";"41";"0";"<p>Un <strong>hymne aux reines des fleurs</strong> en version soliflore, ou en bouquet florale… Aériennes, délicates, fraîches, orientales, sensuelles ou poudrées, nos <strong>bougies florales</strong> libèrent des fragrances terriblement féminines. Entre les senteurs de rose,  de lys, de lavande, de pivoine ou de fleurs d’oranger, nos <strong>bougies parfumées</strong> vous invitent dans une mélodie florale au cœur des pétales…</p>";"Bougies parfumées senteur florale";"Bougies parfumées senteur florale";"Bougie senteur rose, lys ou pivoine… Un parfum floral s’installe. Découvrez toutes nos senteurs féminines avec les bougies parfumées florales, Bougies la Française.";"bougies-florales"
"44";"1";"Bougies boisées";"41";"0";"<p>Premières effluves sacrées, brulées pour les divinités... Qu’elles soient de cèdre, de santal ou de bois de Teck, nos <strong>bougies boisées</strong> subliment leurs accords d'essences nobles et précieuses. De ces <strong>senteurs intenses</strong>, mêlées aux <strong>facettes aromatiques et hespéridées</strong>, nos <strong>bougies parfumées</strong>, laissent planer une atmosphère empreinte de force et d’élégance.</p>";"Bougies parfumées senteur boisée";"Bougies parfumées senteur boisée";"Une bougie senteur patchouli, cèdre ou santal pour une ambiance élégante. Découvrez toute l’intensité des bougies parfumées boisées, Bougies la Française.";"bougies-boisees"
"45";"1";"Bougies orientales";"41";"0";"<p>« Crépuscule du soir mystique »... Drapées de reflets d'ambre, nos <strong>bougies Orientales</strong> vous plongent dans un voyage olfactif à travers les contes des mille et une nuits... Posée sur un fond de résines et de baumes, de bois précieux, de musc et de vanille, la fragrance de nos <strong>bougies parfumées</strong> s’enrichit de <strong>mystère</strong> et de <strong>volupté</strong>.</p>";"Bougies parfumées senteur orientale";"Bougies parfumées senteur orientale";"Une senteur subtilement ambrée, boisée et vanillée pour une ambiance de volupté. bougies-la-francaise.com vous propose une sélection de bougies parfumées orientales.";"bougies-orientales"
"46";"1";"Bougies régressives";"41";"0";"<p>Et si l’une de nos <strong>bougies parfumées</strong> était votre petite madeleine ? Dotées des <strong>senteurs emblématiques</strong> de votre enfance, nos <strong>bougies régressives</strong> remontent dans votre mémoire olfactive pour réveiller un souvenir égaré. A travers les parfums de bonbon, savon ou colle, trouvez la bougie qui vous ressemble !</p>";"Bougies parfumées senteur régressive";"Bougies parfumées senteur régressive";"Une bougie originale aux senteurs traditionnelles ou gourmandes. Nos bougies parfumées régressives remontent dans votre passé en dévoilant un doux parfum d’antan.";"bougies-regressives"
"47";"1";"Bougies fruitées";"41";"0";"<p>Des <strong>bougies fruitées</strong>… A croquer ! Avec nos <strong>bougies figue,</strong> <strong>mûre</strong>, <strong>fruits rouges</strong> ou <strong>rhubarbe</strong>, profitez de vos fruits préférés tout au long de l’année. Sucrées, juteuses, fraîches ou acidulées… Et terriblement gourmandes, nos <strong>bougies parfumées</strong> diffuseront de belles notes de gaieté.</p>";"Bougies parfumées senteur fruitée";"Bougies parfumées senteur fruitée";"Vous recherchez une bougie senteur figue, mûre, fruits rouges ou rhubarbe ? Découvrez toutes nos bougies parfumées fruitées sur bougies-la-francaise.com.";"bougies-fruitees"
"48";"1";"Bougies hespéridées";"41";"0";"<p>Profitez d’un cocktail vitaminé avec nos <strong>bougies hespéridées</strong> ! Bergamote, citron, orange et mandarine s’unissent dans <strong>un accord solaire et pétillant</strong>. Parsemées de zestes d’agrumes, les <strong>senteurs hespéridées</strong> de nos bougies sèmeront de belles notes de <strong>fraîcheur</strong> dans votre intérieur.</p>";"Bougies parfumées senteur hespéridée";"Bougies parfumées senteur hespéridée";"Bougies la Française vous propose une sélection de bougies parfumées hespéridées haut de gamme. Orange, citron ou bergamote ? Les agrumes parfument votre intérieur.";"bougies-hesperidees"
"49";"1";"Bougies épicées";"41";"0";"<p><strong>Sur la route des épices</strong>, poivre, clous de girofle, cardamome et cannelle ont été sélectionnés avec soin et agrémentent nos plus belles fragrances. Dans un <strong>jeu de contrastes et de relief</strong>, nos <strong>bougies épicées</strong> se parent de facettes olfactives uniques pour vous offrir un <strong>parfum de caractère</strong>.</p>";"Bougies parfumées senteur épicée";"Bougies parfumées senteur épicée";"Nos bougies parfumées épicées s’agrémentent de poivre, clous de girofles et cannelle. Découvrez tous nos parfums de caractère signés Bougies la Française.";"bougies-epicees"
"50";"1";"Diffuseurs parfumés";"5";"0";"<p>Pratiques et décoratifs, longue durée, nos <strong>diffuseurs de parfum</strong> agrémentent votre habitat d’une ambiance unique. <strong>Classiques</strong>,<strong> féminins </strong>ou<strong> naturels</strong>, nos <strong>diffuseurs d’intérieur</strong> s’adaptent à la déco de votre maison. Découvrez tous nos <strong>parfums d’ambiance</strong> pour une expérience olfactive qui vous ressemble !</p>";"Diffuseurs de parfum d’ambiance";"diffuseur de parfum,diffuseur d'ambiance,parfum d'ambiance,parfum d'intérieur,diffuseur d'intérieur";"Découvrez toute notre gamme de diffuseurs de parfum. Pratiques et décoratifs, nos diffuseurs d’intérieur subliment votre habitat d’une ambiance qui vous ressemble !";"diffuseurs-parfumes"
"51";"1";"Diffuseurs fruités";"50";"0";"<p>Quelques subtils effluves de figue, mûre, fruits rouges ou rhubarbe, pour succomber aux succulences de cette sélection de <strong>diffuseurs d'ambiance</strong>... En une partition de <strong>gammes sucrées</strong>, <strong>fraîches</strong> ou <strong>acidulées</strong>, nos <strong>diffuseurs parfumés</strong> distilleront vos fragrances favorites, fruit de votre passion...</p>";"Diffuseurs de parfum fruités et gourmands";"diffuseur de parfum,diffuseur fruité,diffuseur d'ambiance,diffuseur d'intérieur,parfum d'ambiance,parfum d'intérieur,parfum fruité";"Découvrez tous nos diffuseurs de parfum fruités et gourmands. Senteur vanille, figue ou rhubarbe, nos parfums d’ambiance vous plongeront dans un univers de délices.";"diffuseurs-fruites"
"52";"1";"Diffuseurs floraux";"50";"0";"<p><strong>Parfum floral</strong> : une senteur féminine, subtile et délicate. Enveloppez-vous dans le sillage d’un ballet de pétales soyeux avec notre sélection de <strong>diffuseurs d'ambiance</strong>. <strong>Roses</strong>, <strong>lys</strong> et <strong>pivoines</strong> vous entrainent dans une nouvelle romance… Découvrez tous nos <strong>diffuseurs de parfum floraux</strong> et évadez dans une ambiance d’une <strong>extrême douceur</strong>.</p>";"Diffuseurs de parfum floraux";"diffuseur de parfum,diffuseur d'ambiance,diffuseur de parfum,parfum floral,parfum d'ambiance,parfum d'intérieur";"Senteur rose, lys ou pivoine, craquez pour un parfum floral. Bougies la Française vous propose un large choix de parfums d’ambiance et diffuseurs floraux.";"diffuseurs-floraux"
"53";"1";"Diffuseurs boisés";"50";"0";"<p>Elégantes et sophistiquées, nos <strong>senteurs boisées</strong> vous entrainent dans un univers de voyages aux horizons lointains… Au <strong>parfum de cèdre</strong>,<strong> santal </strong>et<strong> patchouli</strong>, nos <strong>diffuseurs de parfum</strong> tirent leur caractère de <strong>bois précieux</strong> pour vous dévoiler un sillage envoûtant.</p>";"Diffuseurs de parfum boisés";"diffuseur de parfum,diffuseur d'ambiance,diffuseur d'intérieur,parfum boisé,parfum d'ambiance,parfum d'intérieur";"Un parfum d’ambiance cèdre, santal et patchouli pour une ambiance élégante et sophistiquée. Découvrez tous les diffuseurs de parfum boisés, Bougies la Française.";"diffuseurs-boises"
"54";"1";"Diffuseurs orientaux";"50";"0";"<p>Aux portes de l’Orient, nos <strong>parfums d’ambiance</strong> se parent d’un voile aux reflets d'ambre… Autour de notes <strong>florales</strong>, <strong>boisées</strong>, <strong>musquées</strong> et <strong>vanillées</strong>, nos <strong>diffuseurs de parfum orientaux</strong> puisent dans la richesse des matières rares et dévoilent des effluves aussi précieux qu’envoûtants.</p>";"Diffuseurs de parfum orientaux";"diffuseur de parfum,diffuseur d'ambiance,diffuseur d'intérieur,parfum oriental,parfum d'ambiance,parfum d'intérieur";"Aux portes de l’orient, nos parfums d’ambiance se parent de reflets dorés. Aussi précieux qu’envoûtant, découvrez tous nos diffuseurs de parfum orientaux.";"diffuseurs-orientaux"
"55";"1";"Diffuseurs épicés";"50";"0";"<p><strong>Un parfum aux mille facettes</strong>… Nous avons ajouté une pincée de poivre, quelques clous de girofles, une touche de cardamome et une note de cannelle dans nos plus beaux <strong>parfums d'ambiance</strong>. Laissez-vous charmer par nos <strong>diffuseurs de parfum épicés</strong> !</p>";"Diffuseurs de parfum épicés";"diffuseur de parfum,diffuseur d'ambiance,diffuseur d'intérieur,parfum épicé,parfum d'ambiance,parfum d'intérieur";"Nos diffuseurs de parfum épicés s’agrémentent de poivre, clous de girofles et cannelle. Découvrez tous nos parfums d’ambiance de caractère, Bougies la Française.";"diffuseurs-epices"
"56";"1";"Diffuseurs gourmands";"50";"0";"<p>Comme un <strong>parfum d’addiction</strong>… Succombez à la tentation ! Nos <strong>diffuseurs de parfum gourmands</strong> éveillent vos papilles. Les effluves prennent le délicieux goût de <strong>mûre</strong>, <strong>fleurs d'oranger</strong> ou <strong>vanille</strong>. Savourez ses <strong>parfums d'intérieur</strong> sans complexe et plongez dans une <strong>ambiance de délices</strong>.</p>";"Diffuseurs de parfum gourmands";"diffuseur de parfum,diffuseur d'ambiance,diffuseur d'intérieur,parfum gourmand,parfum d'ambiance,parfum d'intérieur";"Nos diffuseurs de parfum gourmands éveillent vos papilles. Les effluves prennent le délicieux goût de mûre, fleurs d'oranger ou vanille.";"diffuseurs-gourmands"
"57";"1";"Cierges";"37";"0";"<p><strong>Cinq générations de ciriers</strong> se sont illustrées par leurs « savoir-faire » reconnus… Bougies la Française fait revivre les traditionnelles <strong>Cierges</strong>, symbole de tout un héritage… Illuminez votre espace de lueurs de sérénités…</p>";"Cierges, bougies de tradition";"cierge,bougie classique,bougie artisanale";"Bougies la Française fait revivre les traditionnelles Cierges, symbole de tout un héritage… Illuminez votre espace de lueurs de sérénités.";"cierges"
"58";"1";"Diffuseurs poudrés";"50";"0";"<p>Une « facette olfactive » <strong>subtilement rétro</strong>… Transformez votre intérieur en une douce <strong>alcôve aux notes veloutées</strong>… Une nostalgie modernisée au travers des accords iris-violette, poudre de riz… Des <strong>diffuseurs de parfum</strong> qui sont de grands classiques de la marque <strong>Bougies la Française</strong>.</p>";"Diffuseurs de parfum poudrés";"diffuseur de parfum,diffuseur d'ambiance,diffuseur d'intérieur,parfum poudré,parfum d'ambiance,parfum d'intérieur";"Une nostalgie modernisée au travers des accords iris-violette, poudre de riz…. Des Diffuseurs de parfum qui sont de grands classiques de la marque Bougies la Française.";"diffuseurs-poudres"
"59";"1";"Vaporisateurs";"5";"0";"<p>Ravivez vos sens, sublimez votre intérieur… En quelques pulvérisations, nos <strong>vaporisateurs d’ambiance</strong> libèrent votre fragrance préférée. Un simple geste suffit pour accueillir vos invités dans une <strong>ambiance parfumée</strong> !</p>";"Vaporisateurs d’ambiance, parfum dintérieur";"vaporisateur d'ambiance,vaporisateur de parfum,vaporisateur d'intérieur,parfum d'ambiance,parfum d'intérieur";"Aux senteurs florales, fruitées, orientales ou boisées. Découvrez nos vaporisateurs d’ambiance et évadez-vous dans un instant de plaisirs olfactifs.";"vaporisateurs"
"60";"1";"Recharges fruitées";"62";"0";"<p>Succulences sucrées, fraîches ou acidulée, passionnément, <strong>le fruit est au cœur de vos envies</strong>… nos <strong>recharges parfumées</strong> combleront vos addictions… Succombez à ces <strong>effluves fruités</strong>, véritable farandole gourmande…</p>";"Recharges de diffuseur fruitées";"recharge diffuseur,recharge parfumée,diffuseur de parfum,parfum fruité,parfum d'ambiance,parfum d'intérieur";"Succulences sucrées, fraîches ou acidulée, passionnément, le fruit est au cœur de vos envies… nos recharges parfumées combleront vos addictions.";"recharges-fruitees"
"61";"1";"Recharges florales";"62";"0";"<p>Evadez-vous dans un <strong>univers parfumé</strong> léger, romantique, et résolument féminin ! Au gré de vos envies, nos <strong>recharges de parfum d'ambiance florales</strong> enveloppent votre habitat d’un voile de pétales. Eveillez vos sens, libérez vos émotions…</p>";"Recharges de diffuseur florales";"recharge diffuseur,recharge de parfum,parfum floral,parfum d'ambiance,parfum d'intérieur";"Au gré de vos envies, nos recharges de parfum d'ambiance florales enveloppent votre habitat d’un voile de pétales. Eveillez vos sens, libérez vos émotions…";"recharges-florales"
"62";"1";"Recharges";"5";"0";"<p>Florales, orientales, fruitées ou boisées… Découvrez toutes nos <strong>recharges de diffuseurs de parfum</strong> et nos <strong>tiges en rotin</strong>. Indispensables pour renouveler vos instants de plaisirs olfactifs, ces <strong>recharges de parfum d'ambiance </strong>vous permettent de parfumer votre intérieur eau gré de vos envies !</p>";"Tiges et recharges de diffuseurs";"recharge parfum,tige,recharge diffuseur,parfum d'ambiance,parfum d'intérieur";"Bougies la Française vous propose de découvrir toutes ses recharges de diffuseurs de parfum et tiges en rotin pour parfumer votre intérieur eau gré de vos envies !";"recharges"
"63";"0";"Tiges";"62";"0";"<p>Disposées dans votre diffuseur de parfum, les <strong>tiges en rotin</strong> révèlent de nouvelles senteurs. Au gré de vos envies, cette <strong>recharge de bâtonnets </strong>vous permet de doser la diffusion de votre parfum d’ambiance. Après une première utilisation, retournez les tiges pour renouveler la capillarité... Pour une ambiance olfactive plus intense, <strong>n’oubliez pas de remplacer vos tiges !</strong></p>";"Tiges en rotin pour diffuseur";"tiges pour diffuseur parfum,recharge diffuseur,tige en rotin";"Au gré de vos envies, cette recharge de bâtonnets vous permet de doser la diffusion de votre parfum d’ambiance. Renouvelez les tiges pour une senteur plus dense.";"tiges"
"64";"1";"Recharges diffuseurs";"62";"0";"<p>Vous avez déjà un diffuseur d’ambiance, une fragrance en égérie, alors pensez a nos <strong>recharges de parfum</strong>. Des <strong>senteurs florales</strong>, <strong>fruitées</strong>, <strong>orientales</strong> ou <strong>boisées</strong>… Trouvez celle que vous préférez et plongez votre intérieur dans un univers olfactif qui vous ressemble.</p>";"Recharges de diffuseurs de parfum";"recharge diffuseur,diffuseur de parfum,parfum d'ambiance,parfum d'intérieur";"Aux senteurs florales, fruitées, orientales ou boisées. Découvrez nos recharges de parfum. Parfumez votre ambiance et prolongez vos instants de plaisirs olfactifs.";"recharges-diffuseurs"
"65";"1";"Bougies de couleur";"6";"0";"<p>Parce que les couleurs égaient nos vies et embellissent nos intérieurs. Nos <strong>bougies colorées</strong> sont le détail déco d’un habitat plein de vitalité ! Des <strong>bougies dragées</strong> pour une touche sucrée, aux <strong>bougies acidulées</strong> pleines de tonicité, ou encore en tonalité naturelle de l'ivoire au taupe… Choisissez parmi notre palette de <strong>bougies déco</strong> et créez une ambiance qui vous ressemble !</p>
<p><a href=""/content/50-colorama"">Découvrir l'ambiance</a></p>";"Colorama, bougies décoratives";"Colorama, bougies décoratives,bougies artisanales,bougies colorées,bougies d'ambiance";"Des bougies couleur dragée aux bougies acidulées, choisissez parmi notre palette de bougies décoratives et créez une ambiance qui vous ressemble !";"bougies-couleurs"
"66";"1";"Bougies de table";"65";"0";"<p>Intemporelles, délicates, élégantes, nos <strong>bougies classiques</strong> et <strong>flambeaux</strong> se parent en camaïeux et illuminent votre table de jolies tonalités. <strong>Festif,</strong> <strong>vitaminé</strong> ou <strong>romantique,</strong> choisissez le thème de votre dîner. Colorez votre soirée, tamisez votre ambiance, attisez les sentiments avec ces <strong>bougies déco</strong>…</p>";"Bougies de table, chandelles et flambeaux";"Bougies de table, chandelles et flambeaux,bougie déco,bougie artisanale,bougie colorée,bougie d'ambiance";"Pour une décoration de table festive ou romantique, les bougies flambeaux et chandelles s’habillent de couleur. Découvrez nos bougies de table et illuminez votre dîner.";"bougies-de-table"
"67";"1";"Bougies d'ambiance";"65";"0";"<p>Faites de votre soirée un instant d’exception… Pièces maitresses de votre décoration, nos <strong>bougies d’ambiance</strong> ornent votre console ou table de salon. <strong>Rondes</strong> ou <strong>cylindriques</strong>, au <strong>coloris classique</strong> ou <strong>pétillant</strong>, découvrez notre large gamme de <strong>bougies déco</strong> et composez votre assortiment déco !</p>";"Bougies d’ambiance, rondes et cylindriques";"Bougies d’ambiance, rondes et cylindriques,bougies déco,bougies colorées,bougies d'ambiance,bougies artisanales";"Bougies la Française vous propose une large gamme de bougies d’ambiance. Découvrez touts nos bougies rondes et cylindriques et composez votre déco.";"bougies-d-ambiance"
"68";"1";"Bougies déco";"65";"0";"<p>Un design exclusif pour des <strong>bougies uniques</strong> ! Nos <strong>bougies fantaisies</strong> misent sur la créativité, les idées pop, couleurs flash et formes figuratives… Composer, compléter, assortir, un jeu d’enfant pour faire de la bougie non parfumée un <strong>accessoire déco ultra tendance</strong>.</p>";"Fantaisies, bougies décoratives";"Fantaisies, bougies décoratives,bougies colorées,bougies originales";"Bougies la Française vous propose des bougies décoratives au design unique. Découvrez toutes nos bougies colorées fantaisies et personnalisez votre déco.";"bougies-deco"
"69";"1";"Bougies recharges";"6";"0";"<p>Classiques ou colorées, nos <strong>bougies votives</strong> et <strong>bougies chauffe-plat</strong> illumineront votre intérieur en toute simplicité. Déposées dans une lanterne ou un photophore pour une ambiance lumineuse du plus bel effet, ces <strong>petites bougies</strong> restent un basic à avoir toujours à portée de main !</p>";"Bougies recharges, votives et chauffe-plats";"Bougies recharges, votives et chauffe-plats";"Pour une ambiance tamisée, découvrez nos bougies votives et chauffe-plat. Classiques ou colorées, nos petites bougies illuminent votre soirée en toute simplicité.";"bougies-recharges"
"70";"1";"Bougies chauffe-plat";"69";"0";"<p>Parsemées dans toutes les pièces de votre maison, les <strong>bougies chauffe-plat</strong> donnent le ton. Pour une ambiance romantique, zen ou tout simplement tamisée, ces <strong>petites bougies</strong> s’allument tout au long de l’année. Agrémentez vos verrines, photophores ou lanternes de <strong>bougies chauffe-plat</strong> et illuminez vos plus belles soirées !</p>";"Bougies chauffe-plat";"Bougies chauffe-plat";"Pour une ambiance tamisée, nos petites bougies s’allument tout au long de l’année. Agrémentez vos photophores de bougies chauffe-plat et illuminez vos soirées !";"bougies-chauffe-plat"
"71";"1";"Bougies votives";"69";"0";"<p>Disposées dans une entrée, le long d’un couloir ou dans les escaliers, les <strong>bougies votives</strong>, dans des verrines (mini-verre), constellent votre décor ! Ces <strong>petites bougies</strong> <strong><span style=""color: #888888;"">déco</span></strong> s’adaptent à tous les recoins de votre maison pour semer de jolies notes colorées au gré de votre espace. Multipliez les sources de lumière et faites scintiller toutes vos soirées.</p>";"Bougies votives colorées";"Bougies votives colorées,bougies déco";"Les bougies votives s’adaptent à tous les recoins de votre déco pour semer de jolies notes colorées. Ces petites bougies déco font scintiller toutes vos soirées !";"bougies-votives"
"72";"1";"Accessoires";"6";"0";"<p><strong>Toutes bougies a besoin de son écrin</strong>, de son support, pour en sublimer l'esthétique, mais aussi pour votre tranquillité (sécurité)… Nous vous proposons une sélection de <strong>bougeoirs</strong> et <strong>photophores</strong> dans différents choix de matériaux… Connaissez-vous ces <strong>petits ustensiles</strong>, accessoires magiques qui vous faciliterons la vie : le Taille-Bougies, la Colle a Bougies, La mèche ""rat de cave"" en allume tout !!! Adoptez-les vite !</p>";"Accessoires pour bougies";"accessoire bougie,photophore,verre sur pied,cloche parfumeur,bougeoir,bonbonnière";"Découvrez toute notre sélection de bougeoirs, photophores et petits accessoires... Signés Bougies la Française.";"accessoires"
"73";"1";"Photophores, bougeoirs et lanternes";"72";"0";"<p>Quelques <strong>verreries</strong>, <strong>photophore</strong> et <strong>lanternes</strong> qui outre leur fonction protectrice, donneront une touche résolument déco a votre intérieur… Et côté pratique, en emprisonnant la flamme vous la mettez à l'abri des courant d'air !</p>";"Verreries, photophore et lanternes";"photophore,bougeoir,lanterne,verrerie,bonbonnière";"Découvrez notre sélection de verreries, photophore et lanternes qui outre leur fonction protectrice, donneront une touche résolument déco a votre intérieur.";"photophores-bougeoirs-et-lanternes"
"74";"1";"Petites verreries";"72";"0";"<p>Chics et classiques, nos petites verreries deviendront vos accessoires fétiches. Déposez vos <strong>bougies flambeaux</strong> et <strong>chandelles classiques</strong> sur ce <strong>bougeoir en verre</strong>… Tandis que cette <strong>bobèche</strong> protège vos plus belles nappes. Dans un jeu de transparence nos verreries se font discrètes pour sublimer toujours plus vos bougies.</p>";"Petites verreries, bougeoirs, bobèches";"Petites verreries, bougeoirs, bobèches";"Chics et classiques, nos petites verreries deviendront vos accessoires fétiches ! Dans un jeu de transparence nos verreries se font discrètes pour sublimer toujours plus vos bougies.";"petites-verreries"
"75";"0";"Verreries de couleur";"72";"0";"<p>Rehaussez votre intérieur de touches de couleurs ! Nos <strong>photophores en verre</strong> épais se parent d’éclats transparents aux reflets teintés, roses, bleus ou verts... Nos <strong>photophores</strong> deviennent de véritables écrins pour vos bougies chauffe-plats.</p>";"Photophores colorés";"Photophores colorés";"Des éclats transparents aux reflets colorés. Roses, bleus ou verts, les photophores de Bougies la française deviennent de véritables écrins pour vos bougies chauffe-plats.";"verreries-colorees"
"76";"1";"Petits accessoires";"72";"0";"<p>Pratiques et astucieux, nos <strong>accessoires pour bougies</strong> deviendront très vite indispensables à la création de votre ambiance lumineuse. <strong>Colle à bougie</strong>, <strong>taille bougie</strong>, <strong>allume bougie</strong>, <strong>pince à chauffe-plat</strong>… Entre passion et tradition, Bougies la Française vous dévoile ses petits secrets astucieux !</p>";"Petits accessoires pour bougies";"Petits accessoires pour bougies";"Colle à bougie, taille bougie, allume bougie… Pratiques et astucieux, nos accessoires pour bougies deviendront indispensables à la création de votre ambiance lumineuse.";"petits-accessoires"
"77";"1";"Bougies parfumées";"7";"0";"<p><strong>Offres spéciales bougies parfumées : </strong>Profitez de nos petits prix sur nos bougies de qualité ! Des <strong>prix préférentiels</strong> pour faire le plein d’inspiration.</p>
<p>Livraison offerte dès 45€ d’achat.</p>";"Offres spéciales bougies parfumées et décoratives";"Offres spéciales, bougies et parfums d’ambiance";"Offres spéciales bougies proposées par Bougies la Française sur les gammes de bougies décoratives et bougies parfumées";"bougies-parfumees"
"78";"0";"Dernière collection";"9";"0";"<p>Il n'y a <strong>pas de Noël sans bougies</strong>, ni de fêtes sans le scintillement des flammes… Vos tables resplendissent de mille éclats, et se parent d'originalités ! <strong>Un chemin de table version bestiaire</strong> : Chevaux ou Hiboux… <strong>Un village en miniature</strong>… Ou sinon… L'<strong>Or étincelant</strong> des <strong>bougies pliages</strong>, <strong>bougies origamis</strong>… Toute la force créative de Bougies la Française est a découvrir !</p>
<p><a href=""/content/58-bougies-parfumees-et-decoratives-mixed-indigo"">Découvrir l'ambiance</a></p>";"Toute la collection de Noël";;"Un chemin de table version bestiaire : Chevaux ou Hiboux ... Un village en Miniature... Ou sinon... l'Or étincelant des bougies pliages,  bougies origamis..... Toute la force créative de Bougies la Francaise est a découvrir !";"derniere-collection"
"79";"1";"Photophores, bougeoirs et lanternes";"7";"0";"<p>Quelques <strong>verreries</strong>, <strong>photophore</strong> et <strong>lanternes</strong> qui outre leur fonction protectrice, donneront une touche résolument déco à votre intérieur… et ces accessoires sont à petits prix ! La livraison est offerte à partir de 45€ d'achat.</p>";"Offres spéciales accessoires : photophores, lanternes, bougeoirs";"Bougies déco, Noël scandinave";"Offres spéciales accessoires : photophores, lanternes, bougeoirs";"photophores-bougeoirs-et-lanternes"
"80";"0";"Noël Gourmand";"165";"0";"<p>Cette année, placez Noël sous le signe de la <strong>gourmandise</strong>... En forme de bonbonnières ou de gâteaux, nos <strong>bougies de Noël</strong> s’invitent à votre décoration de fêtes. Succombez aux délices de nos <strong>bougies parfumées</strong> et émerveillez vos invités !</p>
<p><a href=""/content/64-bougies-noel-gourmand"">Découvrir l'ambiance</a></p>";"Bougies parfumées, Noël gourmand";"Bougies parfumées, Noël gourmand,bougie gourmande,bougie caramel,bougie gâteau,bougie chocolat,bougie marron glacé,bougie pomme d'amour,bougie orange confite,bougie pain d'épices";"Découvrez notre collection de bougies parfumées gourmandes. Une bougie gâteau, des senteurs traditionnelles… Signées Bougies la Française, Noël se place sous le signe de la gourmandise !";"noel-gourmand"
"81";"0";"Noël Étincelant";"165";"0";"<p>Il y a toujours de la magie dans le <strong>scintillement des flammes</strong>, une féérie incontournable a créer pour les fêtes… Illuminez votre espace, avec une <strong>collection aux multiples reflets</strong>, qui joue de ses angles et facettes pour piéger la lumière… Inspirée des <strong>décorations éphémères</strong>, des <strong>boules de papier pliées</strong>, d'un « <strong>art origami</strong> » sublimé, cette fin d'année est placée sous le signe de l'éclat.</p>
<p><a href=""/content/62-bougies-noel-etincelant"">Découvrir l'ambiance</a></p>";"Bougies Noël étincelant";"bougie déco,bougie papier plié,bougie cylindrique,bougie or,bougie blanc paillettes,photophore,bougie étoile,bougie diamant";"Illuminez votre espace, avec une collection aux multiples reflets. Inspirée des décorations éphémères, des boules de papier pliées, d'un « art origami » sublimé, cette fin d'année est placée sous le signe de l'éclat.";"noel-etincelant"
"82";"0";"Parfums d'hiver";"9";"0";"<p>Pour la douceur d’un d’hiver douillet, nos <strong>bougies parfumées</strong> révèlent les notes chaleureuses d’un <strong>feu de bois</strong>, l’odeur aromatique du <strong>sapin</strong>, l’onctuosité gourmande d’un <strong>chocolat chaud</strong>... Pour peu que l’on ferme les yeux, notre mémoire olfactive nous replonge dans les souvenirs de nos plus beaux Noëls d’enfant.</p>
<p><a href=""/content/65-bougies-parfum-hiver"">Découvrir l'ambiance</a></p>";"Bougies parfumées senteur parfums d’hiver";"Bougies parfumées senteur parfums d’hiver";"Un feu de bois, un parfum de sapin, une senteur gourmande de chocolat. Redécouvrez nos plus beaux parfums d’hiver avec les bougies parfumées, Bougies la Française.";"parfums-d-hiver"
"83";"1";"Recharges boisées";"62";"0";"<p>Les volutes de <strong>bois divin</strong>, sont assurément des notes parfumées plusieurs fois millénaires... <strong>Cèdre</strong>, <strong>santal</strong> et <strong>patchouli</strong>... Perpétuez ces ancestrales traditions au travers de nos <strong>recharges diffuseurs de parfum boisées</strong>... Votre intérieur resplendira de toute sa sérénité...</p>";"Recharges de diffuseur boisées";"recharge diffuseur,diffuseur de parfum,parfum boisé,parfum d'ambiance,parfum d'intérieur";"Cèdre, santal et patchouli... Perpétuez ces ancestrales traditions au travers de nos recharges diffuseurs de parfum boisées !";"recharges-boisees"
"84";"1";"Recharges orientales";"62";"0";"<p>Par l'opulence de ses effluves, nos <strong>recharges parfums d’ambiance orientales</strong> diffuseront toute leur sensualité... Les accords <strong>floraux</strong>, <strong>boisées</strong>, <strong>musquées</strong> et <strong>vanillées</strong> composent leurs notes majeures... En complément de vos achats, nos <strong>diffuseurs d'ambiance orientaux</strong> vous replongerons dans vos envies de mille et une nuits...</p>";"Recharges de diffuseurs orientales";"recharge diffuseur,diffuseur de parfum,parfum d'ambiance,parfum d'intérieur,parfum oriental";"Nos recharges parfums d’ambiance orientales diffuseront toute leur sensualité et vous replongerons dans vos envies de mille et une nuits. ";"recharges-orientales"
"85";"1";"Recharges épicées";"62";"0";"<p>Nos <strong>parfums d'ambiance épicés</strong> se parent de senteurs précieuses… Empreints de volupté, nos <strong>recharges de parfums d’intérieur</strong> s’enroulent de poivre et de cannelle pour composer un univers olfactif de caractère. Succombez à nos <strong>senteurs d’évasion</strong>, faites jaillir vos émotions et évadez-vous dans un voyage sensoriel unique…</p>";"Recharges de diffuseur épicées";"recharge diffuseur,diffuseur de parfum,parfum épicé,parfum d'ambiance,parfum d'intérieur";"Empreints de volupté, nos recharges de parfums épicées s’enroulent de poivre et de cannelle pour composer un univers olfactif de caractère.";"recharges-epicees"
"86";"1";"Recharges gourmandes";"62";"0";"<p>Ces malicieuses fragrances, diffuse une trainée de tentations... Nos <strong>recharges pour diffuseurs de parfum</strong>, comblent vos addictions chéries... Au cœur du goût... la <strong>mûre</strong>, <strong>rhubarbe</strong>, <strong>figue</strong> ou <strong>vanille</strong> assouviront vos péchés de gourmandises !</p>";"Recharges de diffuseur gourmandes";"recharge diffuseur,diffuseur de parfum,parfum gourmand,parfum d'intérieur,parfum d'ambiance";"Nos recharges pour diffuseurs de parfum, comblent vos addictions. Au cœur du goût... la mûre, rhubarbe, figue ou vanille assouviront vos péchés de gourmandises !";"recharges-gourmandes"
"87";"1";"Recharges poudrées";"62";"0";"<p>Laissez diffuser ces douces notes aux <strong>accents d'alcôve</strong>… Leurs <strong>ambiances veloutées</strong> sont la véritable signature de votre intérieur… Mimosa solaire, iris-violette, poudre de riz… Pour cette nostalgie revisitée, pensez aux <strong>recharges de parfum d'ambiance poudrées</strong>…</p>";"Recharges de diffuseur poudrées";"recharge parfum,diffuseur de parfum,parfum poudré,parfum d'ambiance,parfum d'intérieur";" Leurs ambiances veloutées sont la véritable signature de votre intérieur. Pour cette nostalgie revisitée, pensez aux recharges de parfum d'ambiance poudrées.";"recharges-poudrees"
"88";"1";"Bougies poudrées";"41";"0";"<p>Focus sur cette « facette olfactive », présente le plus souvent dans les familles florales, ou chypre… Des <strong>parfums d'alcôves</strong> que <strong>Bougies la Française</strong> affectionnent tout particulièrement... La douceur surannée d'un trait d'absolue d'iris, l'éclat solaire de la note mimosa... Une douce romance qui laissera un <strong>sillage voluptueux</strong> dans votre intérieur.</p>";"Bougies poudrées - Bougies la Française ";"bougie parfumée,bougie poudrée,bougie senteur";"Toutes les bougies parfumées poudrées de Bougie la Française : mimosa, rose, poudre de riz, violette, coton...";"bougies-poudrees"
"89";"1";"Cloche parfumeur";"72";"0";"<p>La <strong>cloche du Parfumeur</strong> est un accessoire « Haute-couture » développé dans l'esprit de la <strong>parfumerie fine</strong>... Offrez un <strong>véritable écrin</strong> protecteur à vos bougies, et capturez leurs fragrances pour ralentir leurs évaporations !</p>";"Cloche du parfumeur verre";"accessoire bougie,cloche parfumeur,cloche en verre";"La cloche du Parfumeur est un accessoire « Haute-couture » développé dans l'esprit de la parfumerie fine... Qui offrira un véritable écrin à vos bougies.";"cloche-parfumeur"
"91";"1";"Divers";"8";"0";;;;;"accessoires-divers"
"92";"0";"Accessoires Point à la Ligne";"8";"0";;;;;"accessoires-point-a-la-ligne"
"104";"1";"Bougies Art et Matière";"37";"0";"<p><strong>Chandelles et bouts de ficelle</strong>, allumez la mèche de nos <strong>bougies décoratives pelotes et bobines</strong>, et faites dansez les flammes de la <strong>nostalgie Vintage</strong>… Une douce odeur de « <strong>savon de Marseille</strong> » envahit la maison, l’odeur du propre est un vrai réconfort… Ces <strong>bougies retro</strong> ne tromperont que votre œil, mais assurément pas votre nez !!!</p>";"Bougies Art et Matière. Bougies parfumées et bougies décoratives authentiques";"bougie traditionnelle,bougie artisanale,bougie originale,bougie déco";"Allumez la mèche de nos bougies en forme de pelotes et savon. Ces bougies retro ne tromperont que votre œil, mais assurément pas votre nez ! ";"bougies-art-et-matiere"
"105";"0";"Toute la collection";"9";"0";;;;;"toute-la-collection"
"106";"1";"Mixed Indigo";"78";"0";"<p><strong>Mixed Indigo</strong><span>... Une collection de </span><strong>bougies parfumées et décoratives</strong><span> dédiée à une couleur, un hymne, un culte, une vénération... Plongez-vous dans cette profondeur, dans cette intensité </span><strong>bleue</strong><span> monochromatique, tout en jouant à provoquer les contrastes sur un </span><strong>blanc immaculé</strong><span>... La septième couleur du spectre solaire vous annonce un été caniculaire...</span></p>
<p><a href=""https://www.bougies-la-francaise.com/content/58-bougies-parfumees-et-decoratives-mixed-indigo"">Découvrez l'ambiance</a></p>";"Bougies parfumées et décoratives Indigo";;"Une collection de bougies parfumées et décoratives dédiée à une couleur. Des bougies bleu indigo pour assouvir vos envies d’évasion.";"mixed-indigo"
"107";"1";"Bougies parfumées";"106";"0";"<p><strong>Mixed Indigo</strong><span>... Une teinte pour assouvrir des envies d'évasions, ici ou ailleurs... Le graphisme de nos </span><strong>bougies parfumées</strong><span> vous installent sur un balcon avec vue sur la mer à Santorin... Envie de ces bleus des bords de côtes, bleus teintés à l'encre de mer, bleu des abysses...  Les senteurs de nos </span><strong>bougies parfumées</strong><span> se font multiples pour vous offrir de belles échappées olfactives...</span></p>
<p><a href=""https://www.bougies-la-francaise.com/content/57-bougies-parfumees-mixed-indigo"">Découvrez l'ambiance</a></p>";"Bougies parfumées Indigo";;"Nos bougies parfumées se parent de bleu pour une décoration aux couleurs des Cyclades. Les senteurs sont multiples et vous promettent de belles échappées olfactives.";"bougies-parfumees"
"108";"1";"Bougies décoratives";"106";"0";"<p><strong>Mixed Indigo</strong><span>... Une teinte pour assouvir des envies d'évasion, de belles échappées, ici ou ailleurs... Les </span><strong>bougies décoratives</strong><span> se parent de décors aux </span><strong>influences japonaises</strong><span> ou </span><strong>indiennes</strong><span>, entre reliefs de mandalas, et parrures nippones en céramiques trompe l'oeil... Les graphismes de nos </span><strong>bougies décoratives bleues</strong><span> se font pluriels pour conjuguer vos envies...</span></p>
<p><a href=""/content/56-bougies-decoratives-mixed-indigo"">Découvrir l'ambiance</a></p>";"Bougies décoratives Mixed Indigo";;"Les bougies décoratives se parent de décors aux influences japonaises ou indiennes. Les graphismes se font pluriels pour assouvir vos envies d’évasion.";"bougies-decoratives"
"109";"0";"Tie and Dye";"78";"0";"<p><strong>Nos bougies se délavent</strong> dans des versions d'aquarelles modernisées... Place à l'effet ""<strong>Tie and Dye</strong>"". Les couleurs de nos <strong>bougies parfumées et décoratives</strong> sont acidulées, teintées de fluo dilué. Le style ""<strong>hippie-seventies</strong>"" se réinvente pour un clin d'oeil aux beaux jours rayonnants... Des tonalités qui pétillent, des <strong>senteurs rafraîchissantes</strong>... Un été qui aura assurément du pep's !</p>
<p><a href=""https://www.bougies-la-francaise.com/content/60-bougies-parfumees-et-decoratives-tie-and-dye"">Découvrez l'ambiance</a></p>";"Bougies parfumées Tie And Dye";;"Les couleurs de nos bougies parfumées et décoratives sont acidulées, teintées de fluo dilué. Place à l’effet Tie and Dye !";"tie-and-dye"
"110";"1";"Bougies Parfums d'été";"78";"0";"<p><span>Aux doux </span><strong>parfums d'été</strong><span>, nos </span><strong>bougies parfumées</strong><span> révèlent les odeurs de dunes et d'embruns, ou l'odeur de l'herbe fraîchement coupée, pour peu que l'on ferme les yeux... Notre mémoire olfactive nous y conduit, en ces </span><strong>lieux d'évasions</strong><span>, d'apaisement et de sérénité.</span></p>";"Bougies Parfums d'été";;"Aux doux parfums d'été, nos bougies parfumées révèlent les odeurs de dunes et d'embruns, ou l'odeur de l'herbe fraîchement coupée, pour peu que l'on ferme les yeux... ";"bougies-parfums-d-ete"
"111";"1";"Bougies d'ambiance Soie";"27";"0";"<p>Entre raffinement et sophistication, nos <strong>bougies déco rondes</strong> et nos <strong>bougies cylindriques</strong> se parent d’un voile de Soie… <br /><br /> Des <strong>bougies d’ambiance</strong> en finition striée pour une décoration intérieure aux mille éclats…</p>";"Bougies rondes et bougies cylindriques striées Soie";"bougie ronde,bougie cylindrique,bougie classique,bougie colorée,bougie artisanale,bougie d'ambiance,bougie déco,bougie de table";"Entre raffinement et sophistication, nos bougies d'ambiance rondes et nos bougies cylindriques se parent d’un voile de Soie… ";"bougies-d-ambiance-soie"
"112";"0";"Piste Noire";"9";"0";"<p>Inspirée de sommets mythiques « Piste Noire » est <strong>une collection résolument novatrice</strong>. Une pointe de design pour se jouer d’un réalisme à facettes… La <strong>cire végétale-stéarine</strong> sous l’éclat de ses cristaux ajoute un réalisme minéral à ces créations modernes… <strong>Le style « montagne » </strong>casse les codes pour une orientation véritablement originale et très tendance…  </p>
<p><a href=""/content/63-bougies-piste-noire"">Découvrir l'ambiance</a></p>";"Bougies décoratives Noël - Piste Noire";;"Inspirée de sommets mythiques « Piste Noire » est une collection résolument novatrice. Le style « montagne » casse les codes pour une orientation véritablement originale et très tendance…  ";"piste-noire"
"113";"0";"Wood Essentiel";"165";"0";"<p>Un hymne aux <strong>matières brutes et naturelles</strong>,… En associations harmonieuses, sous la douceur des <strong>tons de beige et de blanc</strong>, le <strong>bois</strong> est à l’honneur pour sublimer les intérieurs.  Plus que jamais nous avons voulu cette collection sans artifice superflu, pour que <strong>la beauté des choses simples</strong> resplendisse de leurs épures…</p>
<p><a href=""/content/61-bougies-wood-essentiel"">Découvrir l'ambiance</a></p>";"Bougies parfumées, bougies décoratives - Wood essentiel";"collection automne,collection Noël,Wood Essentiel,bougie déco,bougie parfumée,bougie animal,bougie effet bois";"Un hymne aux matières brutes et naturelles, souligné de la pertinence chaleureuse de reflets cuivrés… En associations harmonieuses, sous la douceur des tons de beige et de blanc, le bois et le biscuit sont à l’honneur pour sublimer les intérieurs.  ";"wood-essentiel"
"119";"0";"Noël Colorama";"165";"0";"<p>Faites de vos soirées de fin d’année des instants d’exception. Pièces maitresses de votre décoration, nos bougies d’ambiance ornent votre intérieur ou magnifient votre table de fête. Rondes, cylindriques ou flambeaux, nos coloris nacre, argent, or ou cuivre stimuleront votre imagination pour composer votre ambiance de fête</p>
<p><a href=""/content/66-bougie-colorama"">Découvrir l'ambiance</a></p>";"Collection Colorama : bougies rondes, bougies cylindriques, bougies flambeaux - Bougies la Française";"bougie ronde,bougie boule,bougie cylindrique,bougie flambeau,bougie classique,Noël Colorama,collection Noël,bougie nacré,bougie argent,bougie or,bougie cuivré";"Craquez pour la gamme de bougies décoratives Noël Colorama. Trouvez votre bonheur parmi les formes et les couleurs variées de cette collection. ";"noel-colorama"
"121";"1";"Bougies décoratives";"113";"0";"<p>Lorem ipsum dolor sit amet, consectetur adipiscing elit. Nullam ac turpis rutrum, ultrices est vitae, ultricies ligula. Phasellus non hendrerit dolor, ac lobortis eros. In ultricies porttitor massa, non imperdiet libero feugiat id. Cum sociis natoque penatibus et magnis dis parturient montes, nascetur ridiculus mus.</p>";;;;"bougies-decoratives"
"122";"0";"Bougies parfumées";"113";"0";"<p>Lorem ipsum dolor sit amet, consectetur adipiscing elit. Nullam ac turpis rutrum, ultrices est vitae, ultricies ligula. Phasellus non hendrerit dolor, ac lobortis eros. In ultricies porttitor massa, non imperdiet libero feugiat id. Cum sociis natoque penatibus et magnis dis parturient montes, nascetur ridiculus mus.</p>";;;;"bougies-parfumees"
"123";"0";"Soldes Bougies parfumées";"7";"0";"<p><strong>Profitez des soldes sur nos bougies parfumées !</strong></p>
<p><span>Faites le plein d’inspiration et n’attendez plus pour revisiter votre déco : découvrez notre sélection de bougies soldées jusqu'à -50%.</span></p>
<p>La livraison est offerte dès 45€ d’achat.</p>";"Soldes Bougies parfumées";;"Profitez des soldes sur nos bougies parfumées Bougies la Française !";"soldes-bougies-parfumees"
"124";"1";"Bougies Collection Quintessence";"123";"0";"<p>Profitez des <strong>soldes sur notre collection</strong> aux senteurs intemporelles avant relooking de la gamme Quintessence.</p>
<p>La livraison est offerte dès 45€ d'achat.</p>";"Soldes bougies parfumées - Collection Quintessence";;"Profitez des soldes sur notre collection aux senteurs intemporelles avant relooking de la gamme Quintessence, de Bougies la Française.";"bougies-collection-quintessence"
"125";"1";"Bougies Vintage : collection Comptoirs des ciriers";"123";"0";"<p>Profitez de <strong>soldes exclusives sur nos bougies vintage</strong>, aux senteurs authentiques d’antan. A découvrir sans plus attendre.</p>
<p>La livraison est offerte à partir dès 45€ d'achat.</p>";"Soldes Bougies Vintage : collection Comptoirs des ciriers - Bougies la Française";;"Profitez de soldes exclusives sur nos bougies vintage, aux senteurs authentiques d’antan, chez Bougies la Française.";"soldes-bougies-vintage-collection-comptoirs-des-ciriers"
"126";"1";"Accessoires : collection Déco Scandinave";"123";"0";"<p class=""p1""><span class=""s1"">Découvrez les <strong>verreries</strong>, <strong>photophores</strong> et <strong>lanternes</strong> de la collection Déco Scandinave à prix doux : de quoi refaire votre décoration intérieure !</span></p>
<p class=""p1""><span class=""s1"">La livraison est offerte dès 45€ d'achat.</span></p>";"Soldes accessoires pour bougies - Collection Déco Scandinave";;"Verreries, photophores, lanternes : découvrez la sélection d'accessoires pour les bougies en soldes chez Bougies la Française.";"soldes-accessoires-collection-deco-scandinave"
"127";"1";"Diffuseurs parfumés";"7";"0";"<p>Profitez de nos offres spéciales sur nos diffuseurs d'ambiance, et libérez un doux pafum dans votre intérieur.</p>
<p>La livraison est offerte à partir de 45€ d'achat. </p>";"Offres spéciales : diffuseurs de parfum - Bougies la Française";"diffuseur d'ambiance,diffuseur de parfum,parfum d'ambiance,parfum d'intérieur";"Craquez pour nos diffuseurs d'ambiance à petits prix.";"diffuseurs-parfumes"
"128";"0";"Bougies Collection Wood Essentiel";"127";"0";"<p><span>Redécouvrez notre collection automne / hiver de bougies Wood Essentiel, hymne aux matières brutes et naturelles ... et sa sélection de bougies à prix doux.</span></p>
<p><span>La livraison est offerte à partir de 45€ d'achat</span></p>";"Soldes bougies : collection Wood Essentiel ";;"Soldes : collection de bougies Wood Essentiel, de Bougies la Française, à prix doux.";"bougies-collection-wood-essentiel"
"129";"0";"Bougies parfumées de Noël";"127";"0";"<p>Redécouvrez nos bougies parfumées de la collection automne / hiver : Noël gourmand et Noël étincelant. Une sélection de bougies soldées, idéales pour prolonger les fêtes !</p>
<p>La livraison est offerte dès 45€ d'achat.</p>";"Soldes bougies parfumées de Noël";;"Nos collections Noël gourmand et Noël étincelant à prix doux pour prolonger les fêtes chez Bougies la Française !";"soldes-bougies-parfumees-de-noel"
"130";"0";"Accessoires de Noël";"127";"0";"<p>Photophores, bougoirs ... : redécouvrez notre sélection d'accessoires pour votre décoration intérieure.</p>
<p>Prolongez les fêtes à prix doux !</p>
<p>La livraison est offerte dès 45€ d'achat.</p>";"Soldes accessoires de Noël pour bougies ";;"Soldes sur les photophores, bougoirs ... : redécouvrez notre sélection d'accessoires pour votre décoration intérieure.";"soldes-accessoires-de-noel"
"131";"0";"Bougies décoratives";"7";"0";"<p>Profitez de bons plans sur nos collections de bougies déco : des prix doux vous attendent !</p>
<p><span style=""background-color: #f2eeeb; font-size: 12px;"">La livraison est offerte dès 45€ d'achat.</span></p>";"Offres spéciales bougies décoratives - Bougies la Française";"bougie décorative,bougie déco";"Profitez des petits prix sur une sélection de bougies décoratives - Bougies la Française";"bougies-decoratives"
"132";"0";"Bougies Collection Mixed Indigo";"131";"0";"<p>Retrouvez la collection Mixed Indigo, collection estivale dédiée à la couleur bleu, à ses nuances et ses senteurs à petits prix ! </p>
<p>La livraison est offerte dès 45€ d'achat.</p>";"Soldes Bougies Collection Mixed Indigo";;"Soldes sur la collection Mixed Indigo, collection estivale dédiée à la couleur bleue, à ses nuances et ses senteurs, chez Bougies la Française";"soldes-bougies-collection-mixed-indigo"
"133";"0";"Bougies Collection Tie and Dye";"131";"0";"<p><span>Nos bougies de la collection ""Tie and Dye"" ont du pep's... et sont soldées ! Faites vous plaisir avec nos bougies parfumées, aux couleurs acidulées et aux senteurs rafraîchissantes. La livraison est offerte dès 45€ d'achat.</span></p>";"Soldes bougies parfumées printemps été - Collection Tie and Dye";;"Nos bougies de la collection ""Tie and Dye"" ont du pep's... et sont soldées chez Bougies la Française !";"soldes-bougies-collection-tie-and-dye"
"134";"0";"Bougies Parfums d'été";"131";"0";"<p>Nos bougies aux doux parfums d'été vous transportent vers les beaux jours... et sont à petits prix !</p>
<p>Faites vous plaisir avec des senteurs d'herbe coupée, de melon ou d'embruns...</p>
<p>La livraison est offerte dès 45€ d'achat.</p>";"Soldes bougies parfumées - Parfums d'été";;"Nos bougies aux doux parfums d'été vous transportent vers les beaux jours... et sont à petits prix, chez Bougies la Française !";"soldes-bougies-parfums-d-ete"
"136";"0";"Bougies décoratives et encens";"77";"0";"<p><strong>Offres spéciales bougies décoratives et encens : </strong>Profitez de nos petits prix sur nos bougies de qualité ! Des <strong>prix préférentiels</strong> pour faire le plein d’inspiration.</p>
<p>Livraison offerte dès 45€ d’achat.</p>";"Offres spéciales, bougies et parfums d’ambiance : Bougies la Française";;"Offres spéciales, bougies et parfums d’ambiance : Bougies la Française";"offres-speciales-bougies-decoratives-et-encens"
"137";"0";"Bougies parfumées et décoratives";"112";"0";"<p><span>Inspirée de sommets mythiques « Piste Noire » est </span><strong>une collection résolument novatrice</strong><span>. </span><strong>Le style « montagne » </strong><span>casse les codes pour une orientation véritablement originale et très tendance. A découvrir !</span></p>
<p><a href=""https://www.bougies-la-francaise.com/content/63-bougies-piste-noire""><span><span>Découvrir l'ambiance</span></span></a></p>";"Bougies parfumées et décoratives - Collection Piste Noire";;"Bougies parfumées et décoratives - Collection Piste Noire";"bougies-parfumees-et-decoratives"
"138";"0";"Accessoires ";"112";"0";"<p>Photophores, lanternes, chandeliers... habillez votre intérieur d'accessoires qui deviennent des objets de décoration pour vos bougies.</p>
<p>Les accessoires pour l'hiver des collections Piste Noire et Déco Scandinave sont faits pour vous. </p>";"Accessoires : collection Piste Noire et Déco Scandinave";;"Accessoires : collection Piste Noire et Déco Scandinave";"accessoires-"
"139";"0";"Bougies authentiques";"2";"0";"<p>Le <strong>style « retro-vintage »</strong> cher à Bougies  la Française joue avec la patine du temps. Colle des écoliers, cire des antiquaires, ou petites madeleines… Les <strong>parfums d’antan</strong> recréent ces instants d’exception. Nos <strong>bougies parfumées</strong> portent en elles cet indéfinissable supplément d’âme ! Un passé réinventé, une tradition sublimée…</p>
<p><a href=""/content/33-authentique"">Découvrir l'ambiance</a></p>";"Authentique, bougies parfumées vintage et rétro";;"Toutes nos senteurs les plus vintage. De la colle des écoliers aux petites madeleines, Bougies la Française vous propose des bougies parfumées résolument rétro.";"bougies-authentiques"
"140";"1";"Comptoir des ciriers";"139";"0";"<p><strong>Allumez la petite flamme du souvenir</strong> : un concentré de rires de lavandières, de cris d’écoliers et d’histoires d’objets rares dans la remise d’un artisan… En s’inspirant des <strong>senteurs authentiques d’antan</strong>, nos <strong>bougies parfumées vintage</strong> dévoilent les trésors d’un passé oublié.</p>
<p><a href=""/content/36-comptoirsdesciriers"">Découvrir l'ambiance</a></p>";"Comptoir des ciriers, bougies parfumées vintage";;"Découvrez la collection vintage et rétro de Bougies la Française : Comptoir des ciriers. Et retombez dans vos souvenirs olfactifs ... colle des écoliers, cire des antiquaires, etc.";"comptoir-des-ciriers"
"141";"1";"Confiserie générale";"139";"0";"<p><strong>Souvenirs</strong> du chocolat d’antan pour les jeudis d’hiver, des biscuits dorés pour les sorties au parc, des sucres d’orge et caramels fondants les jours de fête foraine. A travers leurs <strong>parfums d’addictions</strong>, nos <strong>bougies parfumées</strong> vous plongent dans les délices d’une gourmandise tellement régressive…</p>
<p><a href=""/content/37-confiseriegenerale"">Découvrir l'ambiance</a></p>";"Collection : Confiserie générale, bougies parfumées gourmandes";;"Des senteurs d'enfance remplies de gourmandise. Signées Bougies la Française, nos bougies parfumées aux saveurs d’antan vous font retomber en enfance.";"confiserie-generale"
"142";"1";"Collection Automne/Hiver";"2";"0";;"Nouvelle collection automne/hiver 2016 !";;"Découvrez bientôt sur notre site, la nouvelle collection automne/hiver 2016.";"collection-automnehiver"
"143";"1";"Collection Automne/Hiver 2016";"142";"0";"<p>Découvrez très prochainement notre <strong>nouvelle collection automne/hiver 2016</strong>... </p>";"Collection automne/hiver 2016 - Bougies la Française";;"Découvrez prochainement la nouvelle collection automne/hiver de Bougies la Française.";"collection-automnehiver-2016"
"144";"0";"Tendance Ananas";"143";"0";"<p class=""p1"">Pour l’été 2016, Bougies la Française fait escale aux latitudes des Tropiques pour des envies d’exotisme affirmées… Mimétisme d’un monde végétal luxuriant, ananas, fleurs d’ibiscus, cocotiers, oiseaux de Paradis, pour égayer vos tables estivales.</p>
<p class=""p1""><a title=""Collection Escale Tropicale - Printemps / Ete 2016"" href=""/content/70-collection-printemps-ete-2016-tendance-ananas"">Découvrir l'ambiance</a></p>";"Bougies décoratives ananas : collection Tendance Ananas";"bougie déco,bougie originale,bougie artisanale,bougie colorée";"Découvrez nos bougies décoratives ananas, fleur d'ibiscus, perroquet de la collection Tendance Ananas, par Bougies la Française";"bougies-tendance-ananas"
"145";"0";"La Belle Senteur";"143";"0";"<p class=""p1"">Découvrez nos nouvelles bougies parfumées aux notes olfactives résolument fruitées et sucrées, aux couleurs pastels subtilement acidulées… Des senteurs enivrantes accompagnent notre nouvelle collection pour vous faire passer un bel été.</p>
<p class=""p1""><a title=""Collection Escale Tropicale - Printemps / Ete 2016"" href=""/content/71-collection-printemps-ete-2016-la-belle-senteur"">Découvrir l'ambiance</a></p>";"Bougies parfumées, collection Escale Tropicale : La Belle Senteur";;"Découvrez nos bougies parfumées de la collection La Belle Senteur de Bougies la Française, et partez sous les tropiques grâce à nos parfums de bout du monde";"bougies-parfumees-la-belle-senteur"
"146";"0";"Outdoor";"143";"0";"<p class=""p1"">Les nouvelles bougies de notre collection trouveront naturellement leur place dans votre jardin, ou sur votre terrasse et balcon. Vous réalisez un jardin nocturne personnalisé, avec un bouquet de citronnelle délicat qui embaumera vos soirées estivales.</p>
<p class=""p1""><a title=""Collection Escale Tropicale - Printemps / Ete 2016"" href=""/content/72-collection-printemps-ete-2016-bougies-outdoor"">Découvrir l'ambiance</a></p>";"Bougies parfumées citronnelle : collection outdoor - Escale Tropicale";;"Découvrez les bougies parfumées à la citronnelle de la collection Escale Tropicale de Bougies la Française, pour votre jardin, terrasse ou balcon";"bougies-parfumees-citronnelle-outdoor"
"147";"1";"Bougies parfumées à moins de 20€";"7";"0";"<p><span>Bougies la Française a sélectionné avec soins des bougies parfumées à petits prix pour se faire plaisir ou faire plaisir. (Re)découvrez nos parfums !</span></p>";"Bougies parfumées à moins de 20€";;"Bougies la Française a sélectionné avec soins des bougies parfumées à petits prix pour se faire plaisir ou faire plaisir. ";"bougies-parfumees-a-moins-de-20-euros"
"148";"1";"CirisNat";"20";"0";"<p>CirisNat c'est l'innovation, la sérénité, le raffinement et surtout une expérience sensorielle unique ! Le diffuseur électrique à capsules vous assure jusqu'à 10h de parfum et vous permet de changer de senteur en un clin d'oeil grâce à la gamme de coffrets capsules naturelles : lavande menthe poivrée, romarin pamplemousse, angélique fleur d'oranger...</p>
<p> </p>
<p><a title=""Ambiance CirisNat, gamme naturelle par Bougies la Française"" href=""https://www.bougies-la-francaise.com/content/73-gamme-naturelle-cirisnat"">Découvrir l'ambiance</a></p>";"CirisNat, diffuseur électrique à capsules et capsules parfumées naturelles - Bougies La Française, cirier et créateur de bougies";"diffuseur électrique,diffuseur de parfum,diffuseur d'intérieur,parfum d'ambiance,parfum d'intérieur,cire parfumée";"Découvrez la gamme naturelle CirisNat, votre diffuseur d'intérieur électrique à capsules accompagné de ses coffrets capsules aux parfums d'ambiance variés. ";"cirisnat"
"149";"0";"Cadeaux Fête des mères";"31";"0";"<p>Découvrez notre sélection dédiée à la fête des mères et choisissez le cadeau idéal pour votre maman parmi nos bougies parfumées féminines et délicates : parfum Rose, Fleur d'oranger, Jasmin et Vanille !</p>";"Cadeaux fête des mères - Bougies la Française";;"Trouvez le cadeau idéal pour la fête des mères parmi notre sélection de bougies parfumées !";"cadeaux-fete-des-meres"
"150";"0";"Cadeaux Fête des pères";"31";"0";"<p>Découvrez notre sélection dédiée à la fête des pères et choisissez le cadeau original et idéal pour votre papa parmi nos bougies masculines : rhum tabac, vanille épicée, cèdre cachemire... </p>";"Cadeaux fête des pères : bougies parfumées masculines par Bougies la Française";"bougie parfumée,bougie masculine";"Parcourrez notre sélection de bougies parfumées masculines : des fragrances originales entre raffinement et sophistication. ";"cadeaux-fete-des-peres"
"151";"1";"Diffuseurs hespéridés";"50";"0";"<p><span>Faîtes le plein de vitamines avec nos </span><strong>diffuseurs de parfum hespéridés</strong><span> ! Pamplemousse, bergamote, citron et orange s’unissent dans </span><strong>un accord solaire et pétillant</strong><span>. Parsemées de zestes d’agrumes, les </span><strong>senteurs hespéridées</strong><span> de nos diffuseurs d'ambiance apporteront de la </span><strong>fraîcheur</strong><span> dans votre intérieur.</span></p>";"Diffuseurs de parfum hespéridés - Bougies la Française";"diffuseur de parfum,diffuseur d'ambiance,diffuseur d'intérieur,senteur hesperidée";"Découvrez tous nos diffuseurs d'intérieur aux senteurs hespéridées. Avec ces diffuseurs d'intérieur, faîtes le plein de vitamines et de fraîcheur dans votre maison.";"diffuseurs-hesperides"
"152";"1";"Recharges hespéridées";"62";"0";"<p><span>En optant pour les <strong>recharges de diffuseurs d'intérieur hespéridées</strong>, vous prolongez vos plaisirs olfactifs dans une ambiance solaire et pétillante. Les senteurs hespéridées de pamplemousse, orange, bergamote et citron sèmeront de belle notes de fraîcheur dans votre intérieur : <strong>un regain de vitalité</strong>.</span></p>
<p><span><br /></span></p>";"Recharges de diffuseurs hespéridées - Bougies la Française";"recharge diffuseur,diffuseur de parfum,parfum hespéridé";"Retrouvez toutes les recharges de diffuseurs d'ambiance hespéridées pour prolonger vos plaisirs olfactifs. ";"recharges-hesperidees"
"153";"1";"Gamme CirisNat";"39";"0";"<p><span style=""font-size: 12px; background-color: #f2eeeb;"">Le <strong>diffuseur électrique CirisNat</strong> et ses capsules de cire parfumée s'installent dans une logique de <strong>bien-être</strong> et de <strong>proximité avec la nature</strong>. Les <strong>capsules parfumées CirisNat</strong> placées dans leur diffuseur d'ambiance, procurent jusqu'à 10h de parfum par réchauffement de cire. Variez les plaisirs olfactifs en changeant la senteur des capsules comme bon vous semble !</span></p>";"Gamme CirisNat, diffuseur électrique et capsules de cire parfumée - Bougies la Française";"CirisNat,diffuseur électrique,diffuseur de parfum,diffuseur d'ambiance,capsules parfumées,cire parfumée,cire végétale";"Dans une logique de bien-être, Bougies la Française vous propose une gamme nature : diffuseur électrique de parfum et capsules parfumées à base de cire végétale.  ";"gamme-cirisnat"
"154";"0";"Toutes nos bougies soldées ";"7";"0";"<p>Vos <strong>coups de cœur soldés</strong> ! Retrouvez vos <strong>bougies parfumées</strong> et <strong>bougies décoratives</strong> de vos collections préférées à prix soldés. Bénéficiez <strong>jusqu'à -50%</strong> sur une sélection de produits : <strong>collection printemps/été Escale Tropicale</strong> et collections permanentes : <strong>Quintessence</strong>, <strong>La Nature</strong>, <strong>Comptoir des Ciriers</strong>... Faites-vous plaisir ! La livraison est <strong>offerte dès 45€</strong> d'achat.</p>";"Soldes été 2016 : toutes vos bougies parfumées et décoratives préférées à prix soldés !";"soldes bougies,bougies soldées,soldes collection été ,soldes bougies parfumées,soldes bougies décoratives";"Découvrez l'ensemble de nos bougies soldées : l'occasion de vous faire plaisir en craquant pour vos bougies préférées de nos différentes collections : Escale Tropicale, Quintessence,  La Nature....";"toutes-nos-bougies-soldees-"
"155";"0";"Collection Printemps / Eté 2016 Escale Tropicale ";"7";"0";"<p>Dernière occasion pour craquer pour notre <strong>collection printemps/été Escale Tropicale</strong> ! Bénéficiez de <strong>-20%</strong> sur les <strong>bougies parfumées, bougies décoratives </strong>et<strong> bougies outdoor</strong>. </p>";"Collection été Escale Tropicale : des bougies à petits prix !";"bougies parfumées,bougies extérieures,bougies outdoor";"Profitez de -20% sur une sélection de bougies de notre collection été Escale Tropicale.";"collection-printemps-ete-2016-escale-tropicale-"
"156";"0";"Collection Quintessence";"7";"0";"<p><span>Craquez pour nos <strong>coffrets de bougies parfumées Quintessence à prix soldés</strong> ! Redécouvrez les <strong>senteurs intemporelles</strong> de ces <strong>bougies artisanales</strong> pleines de charme : mimosa solaire, lys royal, rose éternelle, santal troublant...</span></p>";"Soldes collection Quintessence : vos coffrets de bougies parfumées préférés aux fragrances intemporelles";"soldes bougies,bougies soldées,soldes quintessence,bougies parfumées,bougies florales,bougies fruitées,bougies de charme,bougies artisanales";"Craquez pour les coffrets de bougies parfumées Quintessence : l'occasion de se faire plaisir en redécouvrant les senteurs intemporelles et enivrantes de ces bougies de charme.";"collection-quintessence"
"157";"0";"Collection Comptoir des Ciriers";"7";"0";"<p>Redécouvrez les <strong>coffrets de bougies parfumées</strong> <strong>Comptoir des Ciriers</strong> à prix réduits ! Craquez pour ces <strong>bougies vintage et </strong>allumez la flamme du souvenir qui dévoilera les trésors d’un passé oublié : colle des écoliers, cire des antiquaires...</p>";"Soldes collection Comptoir des Ciriers : vos coffrets de bougies parfumées aux senteurs d'antan à prix soldés";"soldes bougies,bougies soldées,soldes Comptoir des Ciriers,bougies parfumées,coffrets parfumés,bougie vintage,bougie authentique,bougie originale";"Craquez pour les coffrets de bougies parfumées Comptoir des Ciriers aux senteurs authentiques d'antan.";"collection-comptoir-des-ciriers"
"158";"0";"Collection La Nature";"7";"0";"<p>Craquez pour cette gamme de produits<strong> La Nature</strong> conçue exclusivement à partir de <strong>matières premières d'origine végétale</strong>. Profitez de <strong>prix soldés</strong> pour vous accaparer ces <strong>bougies parfumées</strong> et <strong>parfums d'intérieur</strong> aux senteurs variées : cèdre argan, fleur d'oranger jasmin, brin de lavande violette...</p>";"Soldes collection La Nature : vos bougies et parfums naturels à prix soldés";"soldes bougies,bougies soldées,bougies naturelles,soldes La Nature";"Craquez pour les bougies parfumées et parfums d'intérieur naturels de la collection La Nature. Des senteurs originales et variées vous attendent.";"collection-la-nature"
"159";"1";"Gourmandise";"4";"0";"<p><span>Nos </span><strong>bougies gourmandes</strong> réveillent vos papilles en puisant dans vos souvenirs d'antan : senteurs inoubliables de vos desserts préférés. Au menu : fondant au chocolat, crème brûlée vanille, crumble fruits rouges et irresistibles gâteaux : pain d'épices, petite madeleine et élcats de spéculoos.<span> Déclinées en deux modèles, ces <strong>bougies parfumées</strong> vous assurent un véritable moment de plaisir.</span></p>";"Nos bougies parfumées placées sous le signe de la gourmandise";"bougie gourmande,bougie sucrée,bougie chocolat,bougie crumble,bougie caramel,bougie spéculoos,bougie madeleine";"Retrouvez tous nos parfums de bougies gourmandes. Des senteurs irrésistibles qui, à coup sur, vont faire plaisir !";"gourmandise"
"160";"1";"Gamme Confiserie Générale";"159";"0";"<p>Une envie de gourmandise ? Craquez sans croquer pour nos <strong>bougie parfumées</strong> aux senteurs irrésistibles ! Retrouvez vos desserts et friandises préférés : crumble fruits rouges, fondant au chocolat, caramel au lait, petite madeleine... </p>";"Collection Confiserie Générale pour une envie de gourmandise";"bougie gourmande,bougie chocolat,bougie caramel,bougie vanille,bougie crumble,bougie spéculoos,bougie originale,bougie vintage,bougie rétro";"Craquez pour notre collection Confiserie Générale : des bougies gourmandes pour tous les goûts !";"gamme-confiserie-generale"
"161";"0";"Black Board";"165";"0";"<p class=""p1"">Cet hiver, la tendance graphique est au ""Blackboard Design"". <span style=""background-color: #f2eeeb; font-size: 12px;"">Sur un tableau noir, la craie s'envole en arabesques, entrelaçant typographie racée et ""christmas clip-art"", dans un esprit résolument ""Noël Vintage"". Quand la beauté des choses simples nous transporte, là où le temps s'arrête, pour le temps d'une fête.</span></p>";"Collection Blackboard : bougies parfumées dans un esprit Noël Vintage - Bougies la Française";"design craie,collection Blackboard,Noël Vintage,bougie parfumée,photophore,bougie décorative,bougie boîte métal,bougie cylindrique";"Craquez pour le design craie des bougies parfumées Blackboard. Dans un esprit résolument ""Noël Vintage"", ces bougies intègreront à merveille votre intérieur pour le temps d'une fête.";"black-board"
"163";"0";"Esprit Laine";"165";"0";"<p>Transformez votre intérieur en véritable nid chaleureux et douillet avec la collection Esprit Laine. Dans un esprit de Noël, les bougies décoratives se parent de rouge flamboyant et de blanc neige pour illuminer votre maison d'une authentique féérie.</p>";"Collection Esprit Laine : des bougies décoratives dans un esprit de Noël - Bougies la Française";"Collection Esprit Laine,bougie décorative,bougie bonhomme de neige,bougie cylindrique,bougie lainage,bougie pelote de laine,bougie neige,bougie blanche,bougie rouge";"Dans un esprit Noël douillet, optez pour les bougies décoratives Esprit Laine au design de bonhomme de neige et lainage.";"esprit-laine"
"164";"0";"Noël Cuivré";"165";"0";"<p><span style=""font-size: 12px; background-color: #f2eeeb;"">Craquez pour la pertinence chaleureuse des reflets cuivrés de la collection Noël Cuivré. Résolument modernes et élégantes, les bougies décoratives et parfumées de cette collection hiver apportent un véritable esprit de fête à votre intérieur.</span></p>";"Collection Noël Cuivré : des bougies aux reflets cuivrés pour tous les goûts - Bougies la Française";"Collection Noël Cuivré,bougie parfumée,bougie décorative,photophore,bougie cuivré,bougie chouette,bougie sapin,bougie pomme de pin,bougie hibou,bougie bronze,photophore blanc,lanterne métal";"Avec la collection Noël Cuivré, vous apportez un véritable air de fête à votre intérieur. Les reflets cuivrés de nos bougies parfumées et décoratives sublimeront votre déco.";"noel-cuivre"
"165";"0";"Noël Trappeur";"9";"0";"<p><span>Pour l'hiver 2016, Bougies la Française vous embarque loin de la frénésie de la vie urbaine, vers des contrées sauvages. Bienvenue dans notre songe pour un Noël teinté d'esprit Trappeur ! Vous rêviez de refuge douillet et nid chaleureux, nous vous invitons à pousser la porte...</span></p>";"Collection Noël Trappeur : bougies parfumées et décoratives - Bougies la Française";"Noël Trappeur,collection Noël,collection automne,collection 2016,bougie parfumée,bougie décorative,photophore,coffret cadeau";"La collection Automne/Hiver 2016 Noël Trappeur de Bougies la Française vous transporte vers des contrées sauvages...";"noel-trappeur"
"166";"0";"Gamme Noël Gourmand";"159";"0";"<p>Faites le plein de gourmandise en craquant pour nos <strong>bonbonnières parfumées </strong>de la collection Noël gourmand. Ces <strong>bougies parfumées</strong> offrent un véritable plaisir olfactif et sauront ravir vos proches !</p>";"Gamme Noël gourmand : des bougies parfumées pour des envies de gourmandise";"bougie gourmande,bougie chocolat,bougie caramel,bougie marron glacé,bougie orange confite,bougie pain d'épices,bougie pomme d'amour";"Comblez vos envies de gourmandise en craquant pour les bonbonnières parfumées aux différents formats de la collection Noël gourmand : plaisir olfactif garanti !";"gamme-noel-gourmand"
"167";"1";"Saison";"4";"0";"<p>A chaque saison, sa décoration et son parfum ! Bougies la Française sélectionne pour vous et avec soin des bougies de saison pour votre intérieur. </p>";"Notre sélection de bougies de saison - Bougies la Française";"bougies parfumées, bougies décoratives,bougies de saison";"A chaque saison sa décoration et son parfum ! Craquez pour nos bougies parfumées et décoratives sélectionnées spécialement pour vous.";"saison"
"168";"1";"Bougies d'automne";"167";"0";"<p><span>L'automne vient de pointer le bout de son nez... Chassez la grisaille en optant pour des </span><strong>bougies de saison</strong><span> : </span><strong>bougies décoratives</strong><span> aux couleurs chatoyantes et </span><strong>bougies parfumées</strong><span> aux senteurs réconfortantes. </span></p>";"Sélection de bougies qui fleurent bon l'automne - Bougies la Française ";"bougie automne,bougie de saison,bougie épicée,bougie boisée,bougie gourmande";"L'été est fini mais l'automne est si beau ! Craquez pour nos bougies parfumées et décoratives de saison.";"bougies-d-automne"
"169";"0";"Bougies pour Halloween";"167";"0";"<p><span>Inspirez-vous de notre sélection de <strong>bougies décoratives</strong> pour Halloween et </span><span>décorer</span><span> votre</span><span> intérieur ou extérieur de </span><span>maison<span> pour l'occasion !</span></span></p>";"Bougies pour Halloween - Bougies la Française";"bougie décorative,bougie cylindrique,bougie orange,bougie noire,bougie halloween";"Equipez-vous de nos bougies décoratives pour placer votre intérieur ou extérieur dans l'ambiance d'Halloween.  ";"bougies-pour-halloween"
